prod_id|pack_id|price
20415|1|19.2900
20431|1|17.7800
20432|1|20.0100
20439|1|8.4500
20470|1|19.6600
20476|1|0.6200
20655|1|18.8500
20701|1|28.6400
20762|1|13.3600
20795|1|19.7300
20819|1|2.3300
20848|1|25.3700
20918|1|0.6700
20924|1|76.7778
20941|1|76.7800
20950|1|10.5300
20977|1|68.0100
21035|1|68.0100
21050|1|68.0100
2130|1|101.0000
21349|1|53.2600
21351|1|53.2600
21352|1|53.2600
21353|1|53.2600
21354|1|53.2600
21355|1|53.2600
21356|1|53.2600
21358|1|53.2600
21359|1|53.2600
21360|1|53.2600
21361|1|53.2600
21363|1|53.2600
21500|1|53.2600
21824|1|93.7195
21833|2|66693.7195
21901|1|7.1590
21902|1|7.2692
22077|1|2.1800
22115|1|23.4052
22126|1|5.6694
22262|1|5.7500
22331|1|16.7580
22361|1|12.7700
22607|1|68.0100
22615|1|1.1400
22667|1|2.5200
22685|1|68.4596
22686|1|4.2600
22687|1|3.4300
22725|1|190.6223
22768|1|1.9100
22773|1|2.5200
22814|1|8.4355
23286|1|4.3200
23311|1|10.9445
23337|1|3.6400
23426|1|3.5700
23473|1|9.5600
23486|1|14.0900
23789|1|0.0374
23984|1|9.8656
23985|1|9.8700
24094|1|2.6025
24129|1|3.2829
24172|1|7.6715
24201|1|6.9200
24204|1|6.5324
24208|1|6.5324
24238|1|85.4015
24263|1|5.8100
24264|1|7.1600
24403|1|16.5941
24465|1|33.8625
24519|1|2.8400
24713|1|9.8656
24741|1|3030.0000
24790|1|16.1300
24821|1|70.5000
24830|1|64.1400
24831|1|44.5000
24832|1|34.5500
24926|1|6.5300
24952|1|19.0700
25121|1|0.6568
25122|1|0.7300
25126|1|28.3500
25129|1|1.0800
25300|1|23.3560
25371|1|35.3400
25409|1|54.7300
25412|1|135.5094
25414|1|23.9300
25415|1|27.7100
25420|1|35.7080
25734|1|3.2700
25772|1|20.9800
25827|1|6.0375
25834|1|6.0375
25938|1|3.3100
26083|1|3.5910
26145|1|2.5300
26212|1|5.6300
26238|1|33.8625
26257|1|18.6100
26313|1|35.3400
26348|1|44.7100
26354|1|48.3000
26379|1|11.1855
26389|1|11.9000
26413|1|10.0300
26465|1|3.9100
26587|1|9.9600
26588|1|9.9600
26589|1|7.9301
26599|1|76.7800
26603|1|5.0100
26611|1|4.0300
26616|1|12.1800
26617|1|12.1800
26656|1|9.9600
26789|1|3.8600
26818|1|12.1800
26900|1|11.0100
26902|1|61.1700
26912|1|14.0300
26913|1|14.0300
26977|1|115.8500
27079|1|7.5100
27171|1|9.7700
27240|1|6.5324
27254|1|12.4700
27274|1|4.0300
27281|1|23.2900
27310|1|6.5324
27328|1|6.5666
27337|1|14.0300
27370|1|34.1400
27398|1|57.7000
27399|1|85.9900
27400|1|85.9900
27403|1|85.9900
27502|1|16.5700
27505|1|16.5700
27508|1|16.5700
27509|1|16.5700
27510|1|16.5700
27624|1|115.8500
27653|1|9.2700
27666|1|34.1400
27816|1|298.2140
27833|1|5.8876
27889|1|14.8200
27901|1|8.6458
27911|1|33.7517
27924|1|17.4300
27934|1|15.7500
27972|1|25.7400
27983|1|11.9000
28033|1|8.9400
28063|1|6.5016
28119|1|11.0100
28122|1|44.6900
28123|1|20.5200
28137|1|13.1300
28140|1|13.1300
28141|1|13.1300
28142|1|13.1300
28164|1|12.4706
28174|1|11.2400
28199|1|44.0311
28243|1|57.7000
28245|1|35.2000
28247|1|9.1173
28281|1|48.6700
28282|1|30.0800
28283|1|19.0200
28284|1|65.9300
28288|1|63.2700
28289|1|63.2700
28290|1|63.2700
28294|1|90.2400
28295|1|118.1300
28296|1|130.9600
28297|1|31.4300
28300|1|114.0500
28301|1|114.0500
28302|1|126.1000
28304|1|142.9000
28305|1|193.2100
28306|1|205.8700
28307|1|33.6300
28308|1|33.6300
28310|1|53.0900
28311|1|5.4432
28317|1|56.2100
28318|1|50.5800
28321|1|44.6800
28322|1|63.2700
28323|1|63.2700
28325|1|63.2700
28326|1|63.2700
28327|1|63.2700
28329|1|90.2400
28335|1|70.1900
28356|1|16.6320
28448|1|19.4700
28450|1|63.2700
28451|1|100.2700
28474|1|103.6700
28478|1|103.6700
28479|1|12.2800
28480|1|12.2800
28481|1|12.2800
28482|1|12.2800
28483|1|10.3657
28511|1|118.1300
28512|1|205.8700
28514|1|57.9500
28526|1|28.8500
28529|1|28.8500
28530|1|28.8500
28592|1|44.7100
28593|1|0.7200
28608|1|7.2152
28610|1|7.2152
28611|1|7.6947
28619|1|16.1300
28659|1|12.2800
28671|1|80.0800
28672|1|63.2700
28789|1|21.6301
28790|1|7.3605
28928|1|0.4200
28949|1|58.5000
28963|1|12.2800
28971|1|18.6100
28979|1|48.3000
28983|1|25.2000
28985|1|9.4900
29008|1|1.2700
29042|1|10.9600
29044|1|68.0100
29051|1|90.2400
29052|1|52.1500
29151|1|31.4300
29169|1|10.3900
29188|1|53.2600
29205|1|12.4700
29280|1|12.2800
29286|1|13.4800
29315|1|1.4400
29326|1|115.8500
29327|1|115.8500
29344|1|55.1444
29416|1|16.5700
29445|1|7.2800
29446|1|7.2800
29447|1|7.2800
29448|1|6.8200
29453|1|7.3100
29454|1|5.2200
29455|1|4.1700
29458|1|6.5900
29459|1|4.7200
29460|1|3.7700
29463|1|10.5000
29464|1|3.2900
29512|1|56.8726
29533|1|20.0025
29543|1|2.6110
29545|1|14.0500
29557|1|11.2700
29564|1|0.5400
29573|1|16.5700
29665|1|63.2700
29669|1|4.0300
29750|1|96.6570
29759|1|10.8675
29768|1|54.7300
29771|1|11.0100
29790|1|31.7049
29791|1|7.2305
29822|1|10.7969
29860|1|33.0800
29861|1|17.9963
29881|1|9.6170
29883|1|20.5162
29888|1|10.0089
29892|1|19.2800
29902|1|21.2318
29942|1|17.1100
30116|1|6.8775
30169|1|68.0100
30175|1|8.6500
30187|1|15.5200
30213|1|23.3560
30266|1|6.2100
30295|1|57.4000
30297|1|57.4000
30331|1|31.4300
30383|1|77.3000
30384|1|77.3000
30385|1|77.3000
30387|1|77.3000
30414|1|14.6512
30455|1|195.1160
30495|1|15.7500
30503|1|6.2100
30504|1|6.2100
30536|1|5.8876
30537|1|6.5324
30565|1|53.0900
30670|1|12.1275
30732|1|10.7100
30758|1|16.6400
30760|1|14.6600
30762|1|14.6578
30763|1|14.6600
30765|1|10.7103
30766|1|10.7103
30767|1|9.6531
30768|1|10.7103
30769|1|9.6531
30770|1|9.6531
30771|1|9.6531
30783|1|53.2600
30823|1|11.6590
30828|1|61.3600
30849|1|10.7400
30913|1|9.6242
30965|1|84.5400
30966|1|74.7800
31001|1|13.6395
31003|1|13.3463
31046|1|8.2060
31056|1|28.8500
31092|1|57.7100
31094|1|84.5400
31131|1|12.2800
31217|1|14.6578
31299|1|34.1400
31325|1|258.5683
31331|1|2.5300
31340|1|5.7500
31371|1|76.7800
31435|1|1.0207
31447|1|34.1400
31628|1|3.0300
31629|1|2.3500
31735|1|93.7195
31743|1|76.7800
31773|1|23.3560
31779|1|100.2700
31819|1|7.2800
31821|1|14.9600
31823|1|13.2200
31840|1|27.1425
31848|1|3.7400
31854|1|68.0100
31878|1|125.3300
31879|1|33.8002
31881|1|63.2700
31883|1|50.5800
31981|1|164.0199
32001|1|31.8500
32007|1|126.5300
32011|1|35.3400
32030|1|12.3800
32041|1|0.5700
32045|1|3.8800
32046|1|7.4000
32055|1|5.3700
32063|1|40.6100
32080|1|0.5100
32093|1|4.0932
32135|1|1.0700
32169|1|21.6301
32247|1|14.6578
32250|1|23.3560
32252|1|17.3102
32253|1|17.4377
32272|1|28.8500
32273|1|28.8500
32274|1|28.8500
32307|1|53.2600
32308|1|35.2000
32313|1|35.7080
32352|1|12.3000
32353|1|12.3000
32382|1|33.0800
32408|1|5.2500
32471|1|14.6400
32478|1|1.3300
32539|1|53.2600
32559|1|74.7495
32564|1|147.8938
32565|1|223.0940
32572|1|63.2700
32583|1|4.2100
32597|1|53.2600
32639|1|54.7300
32644|1|34.1400
32646|1|52.0853
32703|1|1.4700
32704|1|0.5100
32723|1|5.6496
32730|1|237.1160
32754|1|12.6100
32778|1|34.1400
32780|1|34.1400
32817|1|31.7796
32833|1|3.5700
32961|1|0.6700
32973|1|55.3000
32991|1|19.6700
32992|1|16.6700
32993|1|16.6700
32994|1|19.6700
33062|1|11.3736
33126|1|18.7000
33127|1|4.7076
33155|1|101.0000
33187|1|153.9100
33208|1|75.1800
33209|1|75.1800
33210|1|75.1800
33211|1|75.1800
33212|1|75.1800
33221|1|0.6200
33229|1|64.3825
33270|1|11.8125
33271|1|11.8125
33273|1|11.8125
33274|1|7.8800
33277|1|7.8800
33366|1|10.4700
33377|1|83.9100
33378|1|75.1800
33379|1|83.9100
33389|1|120.2500
33398|1|10.6400
33438|1|28.9077
33440|1|30.7100
33456|1|4.9500
33476|1|63.2700
33482|1|22.1200
33698|1|75.1800
33705|1|3.7700
33772|1|1.6900
33844|1|5.7500
33900|1|212.0000
33928|1|17.3600
33952|1|271.2300
33959|1|68.0100
33987|1|0.9163
33992|1|38.2935
34023|1|26.4200
34040|1|2.5175
34048|1|27.4050
34109|1|31.3900
34130|1|338.6100
34131|1|338.6100
34163|1|33.6800
34165|1|61.3600
34261|1|0.6200
34278|1|26.4600
34293|1|6.6150
34300|1|14.4400
34301|1|14.4400
34302|1|13.6100
34344|1|259.8100
34356|1|14.4400
34372|1|36.2800
34380|1|4.8700
34381|1|4.8700
34401|1|25.2800
34407|1|25.8100
34408|1|28.3100
34413|1|25.8900
34416|1|4.7800
34417|1|4.7800
34446|1|4.7800
34454|1|33.6800
34474|1|2.1600
34475|1|76.7800
34479|1|68.0100
34490|1|76.7800
34491|1|76.7800
34496|1|1.6400
34499|1|4.7800
34502|1|53.2600
34622|1|20.0025
34634|1|16.4200
34664|1|43.2300
34671|1|38.2935
34720|1|25.7200
34721|1|25.7200
34722|1|25.7200
34723|1|25.7200
34724|1|26.4600
34730|1|1.0543
34739|1|18.6800
34740|1|21.3200
34742|1|21.3200
34743|1|21.3200
34746|1|21.3200
34749|1|18.6800
34750|1|18.6800
34751|1|18.6800
34754|1|14.7700
34755|1|14.7700
34756|1|14.7700
34757|1|14.7700
34759|1|34.4300
34760|1|34.4300
34761|1|34.4300
34801|1|17.7700
34875|1|53.2600
34891|1|18.8600
34908|1|23.5100
34909|1|23.5100
34912|1|64.1400
35047|1|14.6700
35054|1|48.3000
35055|1|48.3000
35056|1|12.3000
35057|1|48.3000
35061|1|12.3000
35062|1|48.3000
35083|1|44.6900
35136|1|118.5900
35138|1|31.4300
35169|1|6.7100
35208|1|44.6865
35209|1|12.4700
35258|1|18.2600
35273|1|22.7400
35274|1|22.7400
35275|1|22.7400
35288|1|135.3604
35290|1|108.1673
35297|1|109.3395
35316|1|29.2600
35322|1|12.4700
35331|1|93.7195
35343|1|9.0748
35379|1|365.6724
35384|1|365.6724
35393|1|39.2222
35398|1|22.4776
35429|1|24.6300
35435|1|37.5200
35436|1|37.5200
35438|1|37.5200
35439|1|37.5200
35440|1|37.5200
35441|1|84.2400
35443|1|84.2400
35447|1|0.3200
35492|1|6.7127
35497|1|75.1800
35499|1|75.1800
35556|1|76.7800
35559|1|63.2700
35560|1|0.5900
35570|1|10.4290
35614|1|8.0659
35618|1|18.3100
35620|1|18.3100
35661|1|16.8840
35670|1|63.2700
35671|1|18.6600
35672|1|18.6600
35673|1|18.6600
35674|1|18.6600
35675|1|18.6600
35676|1|18.6600
35684|1|63.2700
35685|1|52.1500
35726|1|48.8730
35728|1|42.9932
35730|1|169.3025
35736|1|168.9700
35738|1|168.9700
35750|1|123.7300
35751|1|123.7300
35754|1|150.3570
35757|1|168.9700
35779|1|147.8938
35780|1|160.4271
35781|1|185.4939
35782|1|198.0272
35783|1|223.0940
35784|1|160.4271
35785|1|147.8938
35786|1|135.3604
35787|1|210.5606
35831|1|32.4500
35905|1|55.8200
35906|1|55.8200
35944|1|53.2600
35945|1|53.2600
35946|1|53.2600
35976|1|100.2700
35983|1|0.4900
35990|1|125.3300
35991|1|0.5065
36007|1|6.7000
36033|1|9.4900
36034|1|9.4900
36035|1|88.0500
36036|1|70.9900
36096|1|55.3000
36097|1|46.3561
36098|1|12.6000
36099|1|46.2000
36125|1|0.7955
36133|1|57.7000
36134|1|57.7000
36152|1|36.2141
36161|1|64.1400
36166|1|2.0800
36169|1|21.9151
36170|1|30.5252
36173|1|95.9700
36174|1|95.9700
36215|1|77.3000
36216|1|123.7300
36219|1|3.3255
36346|1|42.4800
36374|1|15.7800
36375|1|29.2600
36421|1|651.9600
36440|1|115.4700
36447|1|3.7500
36466|1|32.0100
36489|1|11.0345
36490|1|11.0345
36491|1|11.8650
36492|1|11.0345
36493|1|11.8650
36502|1|18.0576
36586|1|6.5324
36600|1|31.7800
36613|1|76.7800
36626|1|60.8092
36629|1|84.4500
36630|1|53.2600
36651|1|27.2020
36658|1|17.3195
36660|1|17.3195
36663|1|12.3169
36668|1|20.6516
36670|1|23.4052
36671|1|20.6516
36682|1|31.6792
36686|1|88.0500
36687|1|31.6792
36690|1|41.6012
36692|1|21.9212
36695|1|129.9800
36696|1|20.1369
36697|1|123.7300
36752|1|155.8830
36758|1|20.5200
36783|1|30.3300
36952|1|0.6700
36953|1|0.6700
36971|1|120.2500
36973|1|120.2500
36975|1|80.1400
36995|1|123.7300
37007|1|20.8500
37012|1|41.2100
37048|1|13.7869
37064|1|22.2642
37070|1|18.6600
37071|1|18.6600
37104|1|30.3300
37128|1|30.3300
37155|1|127.5431
37156|1|102.0235
37157|1|133.5300
37173|1|100.1304
37176|1|17.0623
37209|1|209.3300
37225|1|68.0100
37226|1|68.0100
37259|1|31.7800
37260|1|135.5094
37280|1|10.4200
37309|1|30.8400
37315|1|10.7820
37411|1|18.5561
37425|1|34.4300
37426|1|14.7700
37454|1|44.8875
37462|1|76.7800
37478|1|123.7300
37479|1|57.4000
37529|1|26.0900
37605|1|12.6409
37606|1|16.1625
37607|1|17.9214
37612|1|17.7220
37619|1|5.8693
37622|1|76.7800
37646|1|16.1625
37651|1|27.4918
37657|1|56.8255
37661|1|17.7220
37662|1|28.4578
37681|1|0.6012
37682|1|0.6012
37709|1|1.2800
37710|1|1.5900
37760|1|1.2500
37766|1|26.8299
37786|1|40.2400
37794|1|40.2400
37795|1|34.1400
37797|1|40.2400
37902|1|17.9434
37921|1|11.1300
37922|1|12.5200
37927|1|2.0900
37928|1|2.3800
37933|1|2.3200
37989|1|20.1043
37995|1|44.2292
38020|1|44.7100
38028|1|31.0664
38076|1|20.0025
38077|1|30.1266
38296|1|19.4900
38298|1|363.2528
38316|1|14.9600
38317|1|14.9600
38318|1|14.9600
38319|1|14.9600
38320|1|14.9600
38321|1|14.9600
38322|1|14.9600
38323|1|15.5900
38324|1|22.5900
38325|1|22.5900
38326|1|22.5900
38334|1|16.1625
38391|1|299.3100
38431|1|44.7800
38432|1|1.9100
38448|1|2.9871
38449|1|3.2700
38450|1|2.6200
38453|1|2.2762
38552|1|105.0000
38553|1|105.0000
38564|1|1.2187
38584|1|14.7616
38585|1|44.7100
38618|1|95.9700
38677|1|8.8100
38719|1|21.1400
38720|1|37.5200
38749|1|0.8100
38762|1|8.4000
38779|1|4.4700
38788|1|44.7100
38822|1|21.1400
38855|1|175.3901
38868|1|13.1200
38876|1|3.2700
38877|1|3.2700
38882|1|34.1400
38884|1|0.7101
38910|1|0.5334
38937|1|13.1200
38940|1|20.9200
38994|1|46.2000
39003|1|18.6114
39006|1|66.1700
39007|1|44.7100
39011|1|12.0400
39015|1|17.2300
39019|1|232.4700
39022|1|232.4700
39028|1|47.8351
39049|1|28.4578
39051|1|21.2761
39063|1|12.5600
39093|1|11.7705
39100|1|34.1400
39122|1|44.7100
39130|1|2.3700
39131|1|2.3700
39132|1|2.1900
39137|1|19.9972
39230|1|17.6200
39232|1|12.0400
39233|1|12.0400
39276|1|12.3300
39285|1|15.7824
39288|1|100.9549
39307|1|12.0400
39308|1|12.0400
39309|1|12.0400
39332|1|11.7300
39334|1|17.3329
39340|1|29.0217
39344|1|18.7110
39345|1|18.7110
39362|1|17.7345
39366|1|14.7300
39386|1|16.0076
39390|1|143.5700
39394|1|170.8166
39395|1|170.8200
39396|1|170.8200
39460|1|18.3300
39501|1|24.2440
39502|1|77.4300
39518|1|250.2785
39527|1|61.3600
39555|1|0.8100
39567|1|52.0927
39595|1|19.2300
39609|1|1.2964
39611|1|8.6500
39619|1|12.0200
39623|1|30.3300
39637|1|194.9329
39639|1|97.6800
39641|1|39.2541
39642|1|77.9635
39643|1|58.9125
39648|1|81.3616
39654|1|50.2967
39658|1|68.1307
39660|1|180.3885
39663|1|96.0265
39667|1|46.9709
39672|1|34.1400
39680|1|56.3800
39687|1|46.3400
39700|1|27.9620
39701|1|24.9314
39703|1|319.4325
39704|1|71.2856
39705|1|18.2766
39709|1|19.3517
39711|1|642.1384
39713|1|103.7468
39714|1|28.3725
39715|1|30.5650
39717|1|68.4836
39718|1|88.1579
39719|1|89.7705
39720|1|109.6598
39721|1|17.1344
39723|1|106.6966
39724|1|138.3479
39725|1|14.1913
39726|1|59.9904
39727|1|60.1334
39728|1|58.0552
39729|1|18.2014
39730|1|332.5700
39731|1|11.5600
39740|1|9.7962
39747|1|11.9265
39756|1|18.5040
39759|1|1.6522
39767|1|56.2100
39768|1|50.5800
39837|1|79.6500
39838|1|79.6500
39848|1|93.7195
39881|1|43.0038
39883|1|158.0693
39884|1|93.1906
39885|1|24.7743
39886|1|35.2767
39887|1|5.0698
39889|1|29.2856
39890|1|66.0176
39892|1|145.1380
39893|1|2.8508
39894|1|85.4272
39897|1|241.8966
39898|1|114.3038
39899|1|90.9129
39901|1|28.5350
39902|1|24.9422
39904|1|87.6000
39905|1|75.6500
39906|1|147.8938
39920|1|5.5400
39930|1|1.1700
39950|1|20.0025
39970|1|29.4105
39971|1|16.4290
39999|1|3.6400
40012|1|210.5606
40017|1|248.1607
40021|1|93.7195
40026|1|26.4343
40050|1|230.0800
40105|1|23.4262
40117|1|134.8464
40162|1|77.3424
40163|1|56.4829
40169|1|2.1525
40171|1|1.1656
40176|1|88.3506
40178|1|48.3567
40179|1|22.2300
40180|1|22.2300
40181|1|48.9471
40182|1|48.9471
40185|1|69.3237
40186|1|64.3109
40187|1|67.7572
40189|1|83.1209
40191|1|90.0135
40192|1|69.3237
40193|1|69.3237
40199|1|42.0545
40201|1|26.2748
40202|1|9.7385
40203|1|256.4700
40204|1|274.3900
40218|1|186.0761
40219|1|137.0567
40221|1|148.3235
40228|1|13.0800
40235|1|4.7800
40237|1|38.8380
40247|1|44.5000
40265|1|41.0015
40266|1|42.8359
40267|1|61.5828
40275|1|9.6400
40276|1|3.5686
40292|1|85.1694
40294|1|229.4079
40295|1|48.3326
40296|1|58.7317
40298|1|97.0462
40299|1|22.0416
40311|1|42.7173
40319|1|178.4066
40321|1|219.1195
40322|1|210.9747
40324|1|267.9881
40351|1|13.4600
40358|1|25.0800
40372|1|24.1500
40388|1|55.6800
40390|1|55.6800
40402|1|306.5159
40403|1|219.6595
40405|1|182.9672
40417|1|85.3984
40423|1|46.4769
40430|1|39.4337
40432|1|208.1638
40436|1|27.2089
40438|1|86.1575
40450|1|603.0061
40455|1|117.1501
40465|1|12.5700
40466|1|12.5700
40467|1|9.7400
40470|1|18.7975
40472|1|20.7700
40473|1|18.7000
40481|1|76.7800
40482|1|76.7800
40484|1|256.4700
40490|1|24.1500
40500|1|18.8340
40501|1|13.3100
40512|1|26.9681
40520|1|84.2000
40523|1|349.4577
40529|1|12.5700
40555|1|1.0500
40556|1|1.0500
40564|1|20.0200
40565|1|16.3800
40566|1|14.5600
40571|1|47.7500
40572|1|47.7500
40576|1|1571.9441
40578|1|97.3881
40580|1|84.7597
40584|1|1.0500
40586|1|19.8300
40593|1|0.3110
40596|1|0.9589
40599|1|0.2513
40605|1|1.7754
40607|1|5.1700
40612|1|219.1195
40615|1|273.2275
40616|1|207.8625
40655|1|8.3240
40666|1|2.7100
40670|1|1.5800
40673|1|1.5800
40682|1|8.3790
40698|1|21.8206
40699|1|50.4200
40700|1|50.4200
40701|1|50.4200
40708|1|53.2600
40709|1|43.5300
40713|1|88.7200
40714|1|88.7200
40718|1|209.5600
40731|1|5.7400
40732|1|5.7400
40733|1|12.0200
40734|1|9.1000
40747|1|76.5500
40748|1|76.5500
40749|1|53.2600
40767|1|1.5000
40804|1|13.3100
40809|1|45.6300
40811|1|45.6300
40812|1|45.6300
40829|1|27.6200
40834|1|52.1500
40837|1|1.4449
40841|1|9.1000
40842|1|5.7400
40859|1|31.0000
40860|1|31.0000
40864|1|105.8348
40871|1|1.5800
40875|1|39.9300
40880|1|38.8500
40881|1|38.8500
40882|1|6.7300
40884|1|12.3000
40885|1|55.8200
40888|1|57.7000
40905|1|43.5300
40908|1|5.4900
40919|1|46.3700
41006|1|12.1244
41014|1|6.7300
41026|1|7.2800
41035|1|185.7900
41036|1|185.7900
41069|1|6.2800
41072|1|0.4000
41074|1|22.5635
41084|1|162.0500
41086|1|20.6200
41087|1|20.6200
41093|1|34.8331
41094|1|38.7035
41095|1|15.8039
41097|1|63.2700
41105|1|6.7300
41107|1|5.4900
41115|1|112.8851
41118|1|0.4000
41120|1|95.9512
41123|1|7.3182
41128|1|15.0500
41129|1|15.0500
41141|1|24.0607
41142|1|165.2960
41145|1|12.8582
41146|1|13.9200
41149|1|0.4000
41153|1|9.1000
41159|1|165.2960
41160|1|12.0948
41161|1|118.3792
41165|1|11.2700
41170|1|32.7837
41171|1|61.9911
41205|1|84.4500
41210|1|17.6600
41213|1|75.1800
41217|1|130.4400
41222|1|12.2200
41230|1|30.4383
41236|1|14.9600
41237|1|14.9600
41238|1|14.9600
41239|1|14.9600
41240|1|14.9600
41241|1|14.9600
41242|1|15.0500
41243|1|15.0500
41244|1|15.0505
41245|1|15.0500
41246|1|22.5900
41247|1|17.9029
41248|1|20.3700
41249|1|20.0189
41250|1|16.3800
41251|1|16.3800
41252|1|9.4701
41253|1|9.4701
41254|1|9.0626
41260|1|2405.6032
41271|1|35.0836
41281|1|151.5885
41282|1|33.6800
41290|1|11.2700
41295|1|19.7400
41307|1|0.3400
41308|1|11.5500
41310|1|16.9985
41318|1|0.3400
41331|1|98.3280
41338|1|3.3200
41339|1|77.4300
41340|1|52.9485
41343|1|4.2100
41350|1|6.9500
41352|1|6.9300
41353|1|2.4400
41354|1|56.7651
41357|1|40.0100
41358|1|13.6369
41359|1|147.7586
41366|1|21.0000
41368|1|5.7400
41370|1|4.0000
41374|1|48.4800
41375|1|18.8300
41379|1|66.5100
41383|1|56.6100
41384|1|72.7000
41386|1|85.9600
41390|1|46.5518
41393|1|57.4600
41395|1|112.7700
41404|1|39.3200
41405|1|79.1400
41406|1|73.4600
41413|1|5.7400
41417|1|52.0900
41418|1|52.0900
41420|1|68.5500
41421|1|48.4800
41424|1|2.1800
41428|1|5.7400
41429|1|6.9300
41437|1|134.9600
41445|1|11.3800
41446|1|11.3800
41448|1|11.3800
41449|1|25.3700
41450|1|3.6382
41454|1|57.7100
41457|1|27.9888
41468|1|22.0651
41469|1|5.6375
41471|1|5.7400
41472|1|5.7400
41488|1|9.0825
41500|1|195.3425
41510|1|134.0765
41514|1|31.8500
41515|1|31.7796
41517|1|320.3930
41551|1|5.7400
41552|1|5.4900
41554|1|31.3242
41558|1|8.8600
41559|1|146.5800
41560|1|7.9700
41576|1|1.4000
41577|1|1.4000
41579|1|14.7616
41586|1|16.0720
41594|1|5.2500
41609|1|22.5500
41610|1|6.7300
41624|1|8.6687
41632|1|48.5600
41633|1|48.5600
41665|1|22.5500
41699|1|19.4484
41700|1|19.4500
41707|1|165.2960
41714|1|80.5247
41728|1|301.4600
41736|1|165.2960
41743|1|13.2100
41746|1|11.3800
41756|1|13.2100
41757|1|43.9000
41762|1|21.4700
41769|1|54.7500
41771|1|22.9400
41772|1|23.5200
41773|1|49.3600
41785|1|68.0100
41786|1|16.7100
41787|1|68.0100
41788|1|230.0800
41789|1|19.4500
41790|1|19.4484
41794|1|13.2100
41795|1|23.5200
41796|1|14.3100
41797|1|14.3000
41798|1|14.3000
41802|1|60.3000
41819|1|12.5871
41824|1|42.0315
41825|1|28.6448
41831|1|35.0836
41837|1|18.2071
41895|1|146.6979
41906|1|19.7700
41908|1|13.9500
41918|1|35.7484
41923|1|31.3950
41955|1|1.6874
41956|1|22.5900
41957|1|19.4484
41958|1|19.4500
41960|1|19.4484
41962|1|19.4484
41968|1|1.4000
41982|1|2.0800
41988|1|57.5281
42001|1|213.9400
42008|1|98.0800
42010|1|98.0800
42021|1|20.3800
42052|1|48.9300
42053|1|48.9300
42054|1|48.9300
42059|1|98.0800
42067|1|165.2960
42075|1|81.4385
42077|1|8.0954
42082|1|114.4227
42101|1|26.8299
42117|1|28.1138
42125|1|156.3030
42132|1|57.5344
42133|1|17.1900
42148|1|61.3600
42150|1|68.7826
42153|1|5.8311
42167|1|11.7508
42170|1|12.9120
42172|1|0.8000
42175|1|57.0568
42261|1|13.2668
42275|1|5.5979
42289|1|12.2800
42290|1|20.8500
42319|1|5.2500
42335|1|71.2900
42371|1|4.2277
42381|1|276.2130
42388|1|12.6800
42389|1|12.6800
42390|1|12.6800
42391|1|12.6800
42401|1|57.1600
42404|1|3.5900
42405|1|3.4900
42406|1|165.2960
42411|1|11.5000
42412|1|11.5000
42413|1|11.5031
42414|1|11.5000
42416|1|17.6300
42417|1|17.6300
42419|1|16.7620
42432|1|168.9700
42492|1|13.9500
42495|1|125.8300
42497|1|372.0300
42515|1|84.5400
42516|1|84.5400
42517|1|84.5400
42518|1|84.5400
42519|1|84.5400
42520|1|84.5400
42521|1|84.5400
42522|1|84.5400
42523|1|84.5400
42524|1|84.5400
42525|1|84.5400
42526|1|84.5400
42527|1|84.5400
42528|1|84.5400
42529|1|84.5400
42556|1|3.6400
42560|1|1378.5389
42606|1|5.2500
42607|1|215.1200
42630|1|0.5400
42632|1|201.1300
42638|1|70.9900
42639|1|70.9900
42640|1|70.9900
42641|1|70.9900
42642|1|147.4500
42646|1|145.3613
42648|1|16.1700
42649|1|55.8200
42650|1|55.8200
42652|1|95.9700
42653|1|60.8700
42654|1|60.8700
42655|1|60.8700
42656|1|84.7600
42690|1|70.9900
42696|1|17.6200
42715|1|33.9400
42717|1|151.4551
42724|1|431.9400
42728|1|124.0400
42734|1|23.5100
42739|1|166.7878
42748|1|12.6996
42749|1|16.0962
42750|1|18.3135
42763|1|223.6827
42764|1|152.0550
42767|1|198.7851
42787|1|37.8467
42788|1|5.6375
42789|1|35.2767
42804|1|147.1900
42806|1|100.2700
42807|1|64.1400
42808|1|38.0100
42809|1|13.0838
42815|1|29.1364
42832|1|57.7000
42873|1|13.3600
42874|1|13.3600
42875|1|13.3600
42877|1|13.9700
42878|1|13.9700
42886|1|14.9800
42887|1|28.8200
42889|1|75.5475
42891|1|25.6758
42892|1|58.7559
42898|1|17.6300
42900|1|14.5200
42901|1|14.5200
42902|1|14.5200
42903|1|14.5200
42904|1|14.5200
42905|1|25.9200
42906|1|25.9200
42907|1|25.9200
42908|1|25.9200
42909|1|25.9200
42910|1|25.9200
42911|1|87.5024
42912|1|71.9852
42914|1|14.0859
42915|1|14.0859
42916|1|8.6279
42917|1|29.1364
42918|1|29.1364
42919|1|29.1400
42920|1|15.4700
42921|1|15.4700
42922|1|15.4700
42923|1|15.4654
42949|1|50.9600
42950|1|50.9600
42954|1|12.3000
42962|1|36.6868
42966|1|0.7800
42980|1|71.2300
42981|1|70.3500
42998|1|5.2500
43002|1|77.3000
43003|1|123.7300
43006|1|2.2977
43042|1|238.3100
43045|1|10.4895
43052|1|37.5200
43053|1|50.4200
43054|1|50.2302
43055|1|48.7764
43059|1|207.3200
43086|1|1.3500
43098|1|15.2250
43106|1|43.2390
43109|1|13.7915
43133|1|31.7800
43135|1|17.6600
43137|1|20.3800
43181|1|30.6646
43201|1|62.0500
43203|1|62.0500
43207|1|13.7026
43209|1|50.5248
43211|1|77.2459
43212|1|11.7737
43214|1|25.9134
43215|1|25.9134
43216|1|42.2577
43219|1|50.2000
43220|1|50.2029
43235|1|62.0500
43236|1|62.0500
43237|1|62.0500
43239|1|39.8062
43244|1|33.3375
43255|1|17.9407
43257|1|16.2588
43265|1|13.1400
43267|1|15.8300
43268|1|12.7600
43269|1|9.4300
43271|1|15.0800
43282|1|4.2788
43283|1|4.2788
43284|1|127.4805
43287|1|15.7800
43288|1|15.7800
43291|1|33.1800
43315|1|217.9200
43316|1|7.8900
43318|1|246.2793
43328|1|22.3400
43334|1|4.2788
43349|1|2.0922
43350|1|44.5090
43351|1|210.3533
43377|1|10.4392
43380|1|92.1357
43382|1|7.1634
43388|1|17.1900
43463|1|390.0861
43505|1|2.4725
43506|1|13.1200
43510|1|66.1300
43511|1|66.1300
43545|1|28.8750
43556|1|40.9605
43564|1|44.5000
43565|1|63.2700
43566|1|32.1500
43567|1|106.7100
43568|1|106.7100
43569|1|106.7100
43573|1|49.2100
43588|1|70.0140
43590|1|75.3400
43595|1|143.1500
43603|1|41.2100
43607|1|75.1800
43623|1|12.6000
43633|1|60.6700
43634|1|60.6700
43636|1|27.9107
43637|1|60.6700
43638|1|60.6700
43639|1|60.6700
43640|1|60.6700
43641|1|60.6700
43642|1|60.6700
43644|1|60.6700
43645|1|60.6700
43646|1|60.6700
43647|1|60.6700
43648|1|60.6700
43649|1|60.6700
43650|1|60.6700
43651|1|60.6700
43653|1|60.6700
43654|1|60.6700
43655|1|60.6700
43656|1|60.6700
43657|1|60.6700
43658|1|60.6700
43659|1|60.6700
43660|1|60.6700
43672|1|193.4312
43673|1|210.3533
43757|1|37.7470
43762|1|38.8045
43778|1|8.3790
43781|1|48.9300
43816|1|165.5700
43822|1|4.1200
43837|1|35.7400
43838|1|35.7400
43850|1|62.0500
43851|1|62.0500
43852|1|62.0500
43853|1|62.0500
43854|1|62.0500
43861|1|69.1900
43862|1|69.1900
43863|1|69.1900
43864|1|21.9118
43865|1|25.2479
43867|1|19.3800
43880|1|38.2935
43886|1|41.2100
43904|1|60.6700
43905|1|60.6700
43906|1|60.6700
43924|1|354.3686
43953|1|4.5423
43956|1|35.7400
43957|1|35.7400
43958|1|35.7400
43960|1|18.5554
43962|1|104.1684
43963|1|33.2608
43964|1|33.2608
43965|1|38.7035
43966|1|38.7035
43967|1|80.1400
43976|1|0.1291
43983|1|15.5674
43984|1|24.2757
43989|1|62.4347
43990|1|49.9500
43993|1|64.1400
43994|1|46.7300
43997|1|13.1935
43998|1|18.2600
43999|1|10.7400
44003|1|54.3363
44007|1|68.0100
44008|1|68.0100
44033|1|202.8408
44037|1|210.9747
44039|1|15.7500
44042|1|15.7500
44055|1|89.3100
44062|1|42.2176
44064|1|42.2176
44070|1|42.2176
44071|1|42.2176
44072|1|42.2176
44073|1|42.2176
44075|1|42.2176
44079|1|42.2176
44080|1|42.2176
44092|1|333.0861
44093|1|272.2457
44115|1|22.2300
44116|1|22.2300
44120|1|40.1956
44130|1|75.6800
44131|1|35.7400
44133|1|6.7500
44135|1|210.3533
44136|1|39.5138
44137|1|16.4087
44138|1|46.9150
44140|1|5.4800
44142|1|8.7759
44143|1|12.5377
44144|1|7.7435
44147|1|20.8100
44148|1|24.9959
44153|1|11.3900
44154|1|92.5200
44157|1|20.8361
44161|1|5.9400
44162|1|5.9400
44163|1|5.9400
44164|1|19.9200
44165|1|33.0800
44169|1|5.4900
44171|1|5.4900
44172|1|5.4900
44192|1|12.9307
44196|1|35.3400
44200|1|23.0644
44203|1|17.9400
44204|1|13.4900
44207|1|7.4970
44208|1|14.2800
44209|1|44.7100
44210|1|34.1400
44220|1|22.6800
44225|1|23.3300
44226|1|39.1800
44230|1|39.3600
44233|1|218.2300
44234|1|151.5900
44235|1|196.3000
44236|1|151.5900
44237|1|151.5900
44239|1|151.5900
44240|1|248.5900
44241|1|45.6300
44242|1|11.3800
44246|1|15.6000
44247|1|15.6000
44248|1|15.6000
44249|1|13.9095
44258|1|36.7395
44266|1|29.0600
44274|1|37.8500
44313|1|284.5000
44316|1|28.1500
44341|1|46.1000
44353|1|43.7205
44354|1|43.7205
44373|1|160.4271
44375|1|99.8463
44376|1|94.8215
44377|1|71.2034
44378|1|49.7665
44381|1|69.2514
44383|1|28.8500
44384|1|28.8500
44385|1|28.8500
44386|1|37.1728
44392|1|59.3583
44393|1|24.6182
44400|1|16.8100
44401|1|9.7600
44402|1|6.6400
44412|1|24.5014
44419|1|11.7615
44447|1|2.3352
44449|1|196.2890
44451|1|0.4300
44452|1|0.4300
44453|1|0.4300
44454|1|1.6900
44455|1|1.6900
44456|1|1.6900
44457|1|2.2500
44460|1|2.0600
44462|1|55.3000
44463|1|55.3000
44464|1|55.3000
44470|1|32.6359
44471|1|22.8503
44472|1|19.9165
44473|1|43.0561
44483|1|16.2540
44484|1|16.2540
44499|1|69.1900
44505|1|18.6100
44527|1|71.3434
44533|1|0.6700
44540|1|9.9551
44544|1|15.9600
44555|1|13.9500
44559|1|8.9250
44560|1|43.8700
44562|1|23.5000
44563|1|23.5000
44564|1|22.5913
44595|1|7.7559
44600|1|73.8053
44608|1|124.1736
44610|1|84.5400
44611|1|84.5400
44612|1|84.5400
44618|1|0.6500
44640|1|0.7200
44669|1|45.6300
44670|1|45.6300
44671|1|45.6300
44672|1|35.5900
44673|1|35.5900
44674|1|35.5900
44675|1|35.5900
44677|1|35.5900
44679|1|55.6800
44680|1|55.6800
44681|1|62.5900
44684|1|84.5400
44686|1|46.4900
44687|1|46.4900
44688|1|46.4900
44689|1|46.4900
44690|1|71.0600
44691|1|71.0600
44692|1|71.0600
44693|1|71.0600
44695|1|41.2100
44697|1|37.5795
44698|1|47.7900
44700|1|47.7900
44709|1|56.2100
44710|1|69.1900
44711|1|11.6900
44716|1|31.4466
44724|1|25.6758
44726|1|14.6700
44741|1|2.8800
44745|1|57.7000
44746|1|57.7000
44747|1|57.7000
44762|1|76.7800
44763|1|76.7800
44770|1|29.0928
44773|1|17.8524
44776|1|8.5791
44799|1|76.6000
44801|1|193.4312
44802|1|23.6857
44804|1|75.6800
44817|1|42.7436
44818|1|30.1266
44819|1|5.5259
44824|1|24.0700
44828|1|64.6733
44829|1|60.8304
44834|1|37.9461
44836|1|9.6400
44837|1|9.6400
44838|1|9.6400
44839|1|9.6400
44849|1|8.9145
44851|1|17.0940
44852|1|25.5360
44853|1|25.5360
44856|1|0.4114
44859|1|11.4800
44860|1|50.8875
44861|1|52.9230
44862|1|2.2368
44869|1|66.6600
44871|1|66.6600
44872|1|66.6600
44873|1|106.8900
44875|1|106.8900
44880|1|33.3265
44883|1|71.3900
44886|1|71.3900
44891|1|20.9682
44893|1|17.9977
44896|1|46.1100
44899|1|7.8885
44900|1|18.3263
44901|1|15.3663
44903|1|15.4371
44907|1|56.8255
44908|1|143.7370
44930|1|325.0233
44939|1|234.0944
44945|1|33.2325
44946|1|33.2325
44952|1|8.7000
44953|1|11.0600
44954|1|66.6600
44957|1|100.4600
44958|1|22.9528
44959|1|66.6600
44960|1|100.4600
44988|1|11.4800
44992|1|5.9946
44993|1|7.5600
45006|1|66.6600
45007|1|66.6600
45009|1|66.6600
45013|1|13.5172
45015|1|292.4223
45018|1|77.1798
45030|1|272.3098
45036|1|1003.1200
45040|1|16.0100
45042|1|122.5400
45052|1|9.5737
45061|1|69.1900
45064|1|20.6129
45076|1|100.4600
45093|1|32.7600
45095|1|20.1500
45096|1|38.6400
45101|1|27.7900
45102|1|26.6100
45103|1|54.2100
45123|1|78.2000
45158|1|54.0834
45164|1|44.0900
45166|1|24.9400
45167|1|24.9400
45171|1|126.0317
45173|1|246.4560
45194|1|10.7580
45197|1|14.9037
45207|1|12.3270
45209|1|52.2900
45237|1|21.9600
45243|1|30.5000
45255|1|20.9891
45292|1|75.6800
45299|1|64.5058
45302|1|72.5260
45308|1|35.5900
45310|1|35.5900
45316|1|23.0500
45317|1|41.5500
45318|1|26.9800
45319|1|48.5100
45320|1|55.8200
45321|1|55.8200
45360|1|146.5800
45361|1|11.3800
45362|1|54.5800
45364|1|20.9325
45368|1|87.7900
45378|1|160.8600
45381|1|73.1200
45387|1|6.0851
45390|1|70.4108
45391|1|70.2490
45392|1|36.5900
45460|1|31.1982
45471|1|63.5700
45473|1|41.5650
45479|1|27.3840
45480|1|44.0100
45481|1|56.7240
45482|1|61.6140
45487|1|3.9316
45494|1|21.5160
45519|1|26.7786
45523|1|19.0095
45527|1|11.7363
45531|1|23.5000
45537|1|20.4235
45538|1|20.4235
45539|1|22.8200
45541|1|22.8200
45543|1|22.8200
45550|1|106.7894
45551|1|159.8682
45552|1|159.8682
45553|1|191.4627
45555|1|295.0926
45556|1|273.6084
45559|1|150.3898
45560|1|159.8682
45562|1|31.5000
45566|1|69.5079
45569|1|16.9971
45572|1|48.1900
45573|1|44.1800
45574|1|48.1900
45575|1|26.7700
45576|1|29.4500
45579|1|40.1600
45580|1|13.9095
45582|1|23.6817
45584|1|38.8036
45590|1|1.9820
45592|1|1.9820
45639|1|105.4481
45650|1|14.2414
45651|1|14.2414
45652|1|14.2414
45653|1|15.6002
45654|1|13.9925
45656|1|13.9925
45657|1|13.9925
45707|1|15.6000
45708|1|13.9095
45711|1|8.2500
45725|1|9.5394
45732|1|436.9571
45733|1|77.3000
45734|1|123.7300
45736|1|41.2100
45738|1|19.9605
45739|1|0.2600
45740|1|20.1488
45741|1|32.7600
45742|1|63.5600
45744|1|57.4000
45745|1|57.4000
45749|1|95.9700
45750|1|95.9700
45753|1|18.5955
45754|1|99.9700
45766|1|33.6000
45772|1|32.0600
45775|1|46.1620
45776|1|151.5179
45782|1|24.1500
45786|1|18.5820
45787|1|24.4500
45807|1|121.2600
45818|1|60.6900
45933|1|1.4000
45944|1|29.9145
45946|1|26.3300
45947|1|11.3700
45958|1|95.9500
45967|1|48.5600
45984|1|19.9605
46011|1|76.6000
46013|1|92.1357
46020|1|1.8700
46048|1|9.4701
46054|1|91.0800
46056|1|28.8500
46072|1|36.2467
46073|1|36.2500
46085|1|0.9928
46086|1|0.9928
46114|1|40.7600
46116|1|35.5900
46122|1|29.0900
46123|1|29.0900
46136|1|8.1640
46146|1|12.8608
46151|1|43.4037
46156|1|23.5088
46178|1|14.6578
46182|1|40.2400
46183|1|84.5400
46185|1|84.5400
46186|1|84.5400
46187|1|53.2600
46188|1|53.2600
46189|1|53.2600
46200|1|98.0800
46202|1|256.4600
46207|1|43.5300
46215|1|10.4392
46221|1|5.3676
46223|1|10.9200
46227|1|73.8800
46243|1|25.6300
46247|1|97.0462
46268|1|97.7594
46270|1|97.7594
46271|1|97.7594
46272|1|97.7594
46275|1|62.9200
46278|1|0.9928
46283|1|7.8928
46333|1|21.5218
46351|1|16.6304
46353|1|6.6100
46355|1|10.6800
46356|1|25.6300
46358|1|12.7751
46359|1|10.9445
46360|1|178.1115
46361|1|126.9149
46365|1|16.9100
46366|1|91.3100
46376|1|25.7500
46377|1|12.3000
46379|1|20.9600
46380|1|25.1200
46381|1|13.6177
46382|1|10.5200
46383|1|33.5200
46390|1|69.8893
46392|1|186.1689
46486|1|25.7500
46487|1|165.2960
46489|1|33.5200
46496|1|12.3100
46513|1|118.5900
46514|1|24.0300
46517|1|44.7100
46538|1|19.0300
46539|1|14.6815
46544|1|17.8700
46547|1|0.0100
46553|1|0.9928
46562|1|12.9700
46564|1|0.0100
46624|1|65.3600
46625|1|65.3600
46626|1|65.3600
46627|1|65.3600
46628|1|25.7500
46629|1|25.7500
46631|1|1.2996
46635|1|25.7500
46659|1|51.2400
46665|1|56.7489
46668|1|11.0526
46687|1|45.1432
46695|1|28.1100
46706|1|263.0900
46708|1|28.9600
46756|1|151.4551
46759|1|63.5600
46772|1|18.2900
46783|1|2.4000
46785|1|32.1800
46786|1|32.1800
46790|1|40.9900
46798|1|52.0927
46800|1|36.2141
46925|1|48.1587
46937|1|13.9600
46939|1|26.7200
46967|1|12.9900
46968|1|0.3400
46969|1|12.9900
46973|1|12.0792
46974|1|37.5200
46975|1|37.5200
46980|1|243.9292
46982|1|2.2708
46983|1|54.5800
46986|1|3.2700
46994|1|90.9485
46996|1|21.1906
46997|1|21.1906
46998|1|72.4815
47007|1|19.9500
47008|1|19.9500
47023|1|100.7131
47025|1|23.8700
47026|1|71.2900
47027|1|265.6400
47037|1|188.4200
47042|1|38.0600
47060|1|19.9500
47066|1|51.7936
47107|1|190.0000
47108|1|190.0000
47110|1|190.0000
47113|1|190.0000
47152|1|163.2750
47153|1|89.3300
47155|1|57.7100
47158|1|11.3800
47165|1|89.3300
47167|1|89.3300
47168|1|89.3300
47174|1|138.6751
47177|1|35.2500
47181|1|63.5600
47183|1|22.2943
47188|1|111.7036
47189|1|27.4718
47190|1|7.8540
47191|1|7.9800
47192|1|190.8308
47193|1|195.8859
47195|1|75.1800
47204|1|75.6800
47205|1|95.9000
47206|1|75.6800
47207|1|75.6800
47209|1|95.9512
47210|1|119.5103
47211|1|103.9220
47212|1|55.8269
47213|1|75.6800
47214|1|57.0300
47215|1|17.3229
47216|1|17.3229
47217|1|17.3229
47239|1|51.3100
47240|1|51.3100
47243|1|1.2996
47254|1|2.6301
47260|1|96.7700
47263|1|132.6200
47267|1|117.4500
47283|1|181.0400
47284|1|200.5300
47285|1|200.5300
47288|1|14.8700
47296|1|159.8600
47306|1|57.9600
47307|1|57.9600
47311|1|57.9600
47317|1|22.0100
47331|1|200.5300
47332|1|41.5800
47333|1|33.6000
47334|1|33.6000
47336|1|24.4500
47337|1|23.2200
47338|1|8.6434
47357|1|215.0443
47364|1|11.1800
47365|1|11.1816
47366|1|11.1816
47367|1|14.2622
47368|1|11.6483
47369|1|12.2300
47370|1|19.0958
47371|1|19.1000
47372|1|19.0958
47376|1|431.9300
47380|1|191.1612
47383|1|513.4987
47405|1|272.6828
47413|1|94.0500
47433|1|263.3238
47434|1|110.9892
47439|1|22.0100
47443|1|11.9000
47444|1|16.3835
47447|1|22.0100
47465|1|54.6400
47471|1|266.7400
47475|1|10.8570
47476|1|141.1064
47477|1|247.4399
47484|1|41.3700
47493|1|46.9035
47494|1|12.0270
47495|1|48.1740
47501|1|100.2308
47504|1|9.2925
47505|1|8.9460
47506|1|18.5535
47525|1|22.0100
47526|1|22.0100
47531|1|44.5438
47532|1|17.0034
47534|1|16.8429
47535|1|13.2035
47536|1|8.0430
47538|1|19.4631
47543|1|22.0099
47544|1|25.1542
47545|1|7.7798
47546|1|7.7798
47551|1|26.5301
47569|1|61.6292
47570|1|49.2718
47571|1|67.8417
47572|1|66.0151
47574|1|47.3663
47575|1|38.5041
47576|1|102.4994
47592|1|61.3360
47612|1|19.4500
47616|1|14.2600
47622|1|11.1816
47623|1|11.1800
47625|1|14.2600
47631|1|23.7500
47634|1|14.1276
47635|1|4.4536
47637|1|6.6523
47638|1|7.1033
47640|1|9.6740
47641|1|9.4485
47642|1|6.1111
47643|1|11.8275
47644|1|14.6124
47645|1|6.3027
47646|1|8.2984
47647|1|10.7789
47652|1|1.8040
47657|1|7.9263
47658|1|41.3905
47659|1|80.9320
47660|1|80.9320
47671|1|6.5324
47674|1|2.8800
47676|1|191.8270
47681|1|14.2600
47685|1|11.1800
47687|1|23.7012
47688|1|12.2300
47689|1|12.2300
47690|1|12.2300
47691|1|12.2300
47695|1|23.7500
47696|1|31.9100
47697|1|31.9100
47698|1|31.9100
47702|1|103.7015
47719|1|53.9100
47754|1|10.1947
47761|1|24.2900
47763|1|80.1400
47767|1|58.2705
47768|1|28.8500
47823|1|19.1500
47825|1|0.7300
47828|1|71.2900
47830|1|54.5800
47832|1|32.1800
47833|1|81.0400
47834|1|77.2459
47835|1|17.8600
47836|1|22.2900
47847|1|76.0800
47848|1|32.7600
47850|1|50.2000
47851|1|50.2000
47854|1|8.1365
47881|1|8.1650
47882|1|67.0200
47883|1|67.0200
47884|1|56.7200
47889|1|2.5200
47892|1|33.0800
47910|1|22.3800
47911|1|38.4413
47924|1|15.7000
47938|1|127.8620
47943|1|85.6523
47945|1|19.6330
47946|1|19.6330
47947|1|19.6330
47950|1|38.6061
47951|1|8.7441
47953|1|8.7441
47955|1|20.6230
47959|1|4.9495
47961|1|11.5488
47962|1|3.2817
47967|1|145.2552
47969|1|17.1900
47974|1|90.2400
47980|1|19.4700
47982|1|212.3700
47985|1|70.1900
47986|1|73.9500
47987|1|33.6300
47989|1|114.4227
47990|1|111.2958
48003|1|6.8758
48051|1|94.6420
48055|1|22.0100
48056|1|22.0100
48057|1|22.0100
48062|1|16.1082
48066|1|0.5501
48077|1|102.5900
48078|1|114.3700
48079|1|114.3700
48083|1|68.8397
48091|1|54.1400
48092|1|126.0600
48098|1|15.6600
48099|1|15.6600
48100|1|15.6600
48105|1|266.7400
48123|1|4.8100
48126|1|58.0740
48127|1|58.0740
48128|1|12.8687
48130|1|12.8687
48243|1|83.4100
48253|1|24.5562
48262|1|25.4700
48353|1|42.5300
48374|1|65.5000
48375|1|65.5000
48376|1|65.5000
48378|1|36.2000
48379|1|36.2068
48380|1|36.2024
48382|1|54.7300
48386|1|44.0929
48395|1|13.3600
48396|1|13.3600
48404|1|238.3100
48407|1|195.1332
48408|1|195.1300
48411|1|21.1400
48415|1|17.8600
48416|1|63.5600
48417|1|63.5600
48424|1|30.5000
48465|1|19.6600
48500|1|63.7600
48502|1|63.7600
48507|1|15.6700
48518|1|42.0315
48519|1|42.0315
48520|1|43.9329
48521|1|27.1320
48522|1|27.4050
48523|1|27.4050
48524|1|39.1800
48525|1|23.3300
48526|1|23.3300
48527|1|39.1800
48528|1|39.1800
48529|1|39.1800
48582|1|62.9500
48583|1|39.1000
48587|1|26.2023
48588|1|34.9500
48598|1|66.5527
48599|1|78.7136
48600|1|52.0951
48604|1|96.2083
48607|1|120.5428
48608|1|120.5428
48609|1|120.5428
48610|1|112.6739
48611|1|105.5204
48612|1|169.1866
48613|1|169.1866
48614|1|165.6098
48615|1|143.0700
48616|1|109.8125
48617|1|139.1419
48618|1|293.6575
48619|1|112.6739
48620|1|112.6739
48621|1|143.0700
48622|1|158.0924
48623|1|210.6769
48624|1|66.8915
48625|1|55.9650
48626|1|66.8915
48629|1|80.5710
48630|1|64.8835
48633|1|160.6500
48634|1|160.6500
48635|1|169.2600
48636|1|160.6500
48637|1|169.2600
48638|1|169.2600
48640|1|139.5637
48663|1|27.9700
48669|1|23.8800
48670|1|51.3300
48677|1|175.5294
48678|1|175.5294
48679|1|175.5294
48714|1|1.8800
48715|1|1.8800
48716|1|3.8400
48717|1|198.9200
48725|1|37.8900
48738|1|22.3800
48745|1|14.8700
48758|1|3.9409
48764|1|65.6700
48765|1|80.1700
48767|1|14.8700
48789|1|80.1700
48797|1|80.1700
48802|1|24.7800
48803|1|47.5500
48816|1|55.7900
48824|1|55.7900
48829|1|42.3400
48842|1|196.3700
48847|1|15.7000
48849|1|0.0100
48855|1|56.3673
48868|1|25.1256
48879|1|38.0190
48880|1|11.9300
48886|1|16.7800
48889|1|51.3300
48893|1|22.7200
48901|1|30.0100
48906|1|40.9800
48909|1|61.1750
48910|1|16.2300
48912|1|59.0200
48913|1|16.2300
48919|1|42.3400
48921|1|66.6600
48925|1|70.7200
48932|1|61.3700
48934|1|85.1200
48937|1|22.8000
48938|1|79.2800
48939|1|79.2800
48942|1|66.2700
48944|1|66.2700
48945|1|79.2800
48946|1|79.2800
48948|1|79.2800
48949|1|79.2800
48950|1|461.3148
48951|1|14.2470
48952|1|14.2470
48953|1|329.4648
48955|1|30.8600
48956|1|30.8585
48958|1|5.7709
48959|1|5.7709
48960|1|5.7709
48961|1|6.5324
48962|1|6.5324
48963|1|7.2137
48964|1|6.5324
48965|1|7.9250
48967|1|7.9250
48968|1|7.9250
48969|1|8.4661
48970|1|7.3239
48972|1|7.3239
48973|1|14.8682
48974|1|14.8682
48976|1|14.8682
48977|1|14.8682
48978|1|14.8682
48979|1|22.2121
48980|1|22.2100
48981|1|22.2100
48983|1|24.4163
48984|1|24.4163
48985|1|24.4163
48986|1|24.4163
48987|1|24.4163
48989|1|57.5892
48990|1|65.1300
48991|1|57.5900
48992|1|57.5892
48994|1|57.5892
48995|1|11.2213
48996|1|11.2213
48997|1|11.2213
48998|1|11.2213
48999|1|11.2213
49000|1|11.2213
49001|1|9.2375
49002|1|9.2375
49008|1|16.8290
49011|1|16.8290
49012|1|18.0576
49017|1|43.4037
49024|1|91.8456
49029|1|0.0100
49031|1|0.0100
49033|1|0.0100
49039|1|12.3000
49057|1|27.5158
49059|1|6.9546
49060|1|47.6940
49063|1|10.2705
49064|1|12.3700
49065|1|21.3200
49071|1|33.6578
49073|1|42.3420
49077|1|1.3900
49078|1|29.4000
49086|1|272.7200
49087|1|272.7200
49088|1|8.2000
49090|1|40.6724
49091|1|33.6334
49095|1|47.0000
49100|1|39.2700
49101|1|23.2700
49104|1|69.7725
49109|1|52.1500
49111|1|19.7300
49112|1|17.8729
49113|1|7.7800
49114|1|105.9800
49115|1|105.9800
49116|1|105.9800
49117|1|105.9800
49118|1|105.9800
49119|1|105.9800
49120|1|105.9800
49121|1|105.9800
49122|1|105.4500
49123|1|105.9800
49124|1|105.9800
49125|1|105.9800
49126|1|50.5900
49127|1|105.9800
49128|1|105.9800
49129|1|105.9800
49130|1|105.9800
49131|1|97.5500
49132|1|109.6200
49133|1|118.2500
49134|1|69.9300
49135|1|69.9300
49136|1|69.9277
49137|1|69.9277
49138|1|69.9300
49139|1|69.9300
49140|1|69.9300
49141|1|69.9300
49142|1|69.9300
49143|1|69.9300
49144|1|69.9300
49145|1|69.9300
49146|1|154.5300
49147|1|154.5300
49148|1|154.5300
49149|1|139.9400
49150|1|139.9400
49151|1|139.9419
49152|1|138.9500
49153|1|138.9500
49154|1|138.9500
49155|1|138.9500
49156|1|66.7150
49157|1|66.7150
49158|1|66.7150
49159|1|66.7150
49160|1|66.7150
49161|1|66.7150
49162|1|66.7150
49163|1|66.7150
49164|1|69.9300
49165|1|69.9300
49166|1|69.9300
49167|1|69.9300
49168|1|69.9300
49169|1|89.6900
49170|1|54.4500
49171|1|54.4500
49172|1|54.4500
49173|1|46.6479
49174|1|46.6479
49175|1|46.6500
49176|1|46.6500
49177|1|46.6500
49178|1|108.9000
49179|1|108.9000
49180|1|100.9671
49181|1|100.9671
49182|1|100.9671
49183|1|101.9590
49184|1|101.9590
49185|1|93.7200
49186|1|93.7200
49189|1|47.4100
49190|1|47.4100
49191|1|47.4100
49193|1|29.1300
49194|1|29.1300
49200|1|182.7800
49202|1|77.3000
49203|1|188.6220
49204|1|114.4400
49213|1|1.7600
49214|1|1.4900
49216|1|2.1900
49223|1|13.3000
49224|1|16.4300
49225|1|12.0400
49226|1|2.8800
49227|1|2.8800
49231|1|0.2200
49235|1|0.2200
49236|1|0.2200
49238|1|0.2200
49239|1|0.2200
49240|1|0.2200
49241|1|0.2200
49242|1|0.2200
49246|1|0.2200
49247|1|0.2200
49248|1|0.2530
49249|1|0.2530
49252|1|33.6578
49258|1|17.7800
49259|1|12.5400
49263|1|23.4200
49264|1|23.4200
49265|1|25.6000
49266|1|23.4200
49267|1|285.8400
49268|1|285.8400
49280|1|6.5324
49281|1|72.8782
49282|1|72.8782
49283|1|72.8782
49284|1|72.8782
49285|1|72.8782
49286|1|24.4163
49289|1|238.3144
49290|1|35.2500
49292|1|35.2500
49293|1|46.7300
49309|1|62.0500
49310|1|105.4500
49318|1|126.6700
49322|1|64.1400
49328|1|4.9350
49330|1|4.9350
49334|1|8.0850
49336|1|0.2200
49337|1|0.2200
49348|1|49.0665
49371|1|295.1100
49386|1|54.6400
49387|1|54.6400
49388|1|54.6400
49389|1|16.9985
49390|1|54.6400
49391|1|20.0025
49398|1|196.2890
49401|1|62.0500
49409|1|17.2300
49410|1|17.2300
49413|1|32.0600
49414|1|18.0793
49415|1|18.0793
49416|1|18.0793
49418|1|21.9100
49425|1|93.7200
49426|1|93.7200
49428|1|93.7200
49430|1|37.4500
49431|1|0.0100
49432|1|0.0100
49433|1|0.0100
49434|1|0.0100
49435|1|0.0100
49436|1|0.0100
49437|1|0.0100
49438|1|0.0100
49439|1|0.0100
49440|1|0.0100
49441|1|0.0100
49442|1|0.0100
49443|1|0.0100
49444|1|0.0100
49445|1|0.0100
49446|1|0.0100
49447|1|0.0100
49449|1|7.7800
49451|1|39.0600
49452|1|39.0600
49453|1|29.0000
49454|1|29.0000
49459|1|29.0000
49472|1|32.9100
49477|1|15.6600
49478|1|0.2200
49479|1|0.2200
49480|1|43.1900
49481|1|43.1900
49494|1|11.8500
49513|1|56.5300
49514|1|52.7800
49519|1|126.6677
49528|1|77.7875
49530|1|31.6100
49537|1|110.1340
49539|1|259.2700
49545|1|53.5751
49551|1|12.8858
49556|1|62.0361
49560|1|236.4400
49561|1|296.1250
49562|1|81.6275
49563|1|63.0875
49564|1|71.9713
49566|1|14.4200
49569|1|24.3338
49570|1|15.8363
49571|1|11.8450
49572|1|6.9525
49576|1|35.0200
49577|1|124.9391
49580|1|24.0763
49583|1|7.7250
49584|1|7.7250
49585|1|14.3920
49589|1|20.6600
49590|1|57.4000
49591|1|48.3000
49592|1|25.2000
49593|1|25.2000
49594|1|25.2000
49595|1|25.2000
49601|1|44.4034
49628|1|12.1755
49629|1|19.0796
49630|1|27.5258
49631|1|31.6280
49632|1|74.3026
49633|1|34.6214
49634|1|26.6457
49679|1|111.7590
49680|1|111.7590
49704|1|58.0100
49706|1|9.2818
49710|1|80.1000
49711|1|80.1000
49712|1|83.0600
49715|1|90.1687
49717|1|90.1687
49718|1|117.2873
49719|1|2.0200
49723|1|150.1956
49724|1|91.9424
49725|1|117.2873
49726|1|91.9424
49727|1|120.7790
49728|1|91.9424
49729|1|120.7790
49730|1|120.7790
49731|1|91.9424
49732|1|117.7447
49734|1|117.7447
49735|1|88.4000
49736|1|90.1687
49737|1|90.1687
49738|1|90.1687
49739|1|100.7000
49740|1|100.7000
49741|1|100.7000
49743|1|157.7468
49751|1|28.8225
49752|1|28.8225
49753|1|28.8225
49754|1|28.8225
49755|1|28.8225
49761|1|22.0100
49766|1|47.7900
49770|1|0.7645
49774|1|25.7200
49775|1|25.7200
49776|1|25.7200
49777|1|25.7200
49778|1|23.0500
49779|1|25.0800
49780|1|47.7500
49783|1|21.2400
49784|1|27.6600
49786|1|19.3914
49787|1|15.0822
49788|1|25.4600
49790|1|39.6900
49795|1|11.7500
49796|1|23.7400
49797|1|7.5500
49798|1|9.5100
49800|1|11.0600
49813|1|7.7800
49818|1|23.4000
49819|1|23.4000
49820|1|23.4000
49829|1|120.2500
49834|1|62.8300
49837|1|3.0400
49838|1|0.7682
49846|1|132.8819
49848|1|177.4815
49849|1|111.0810
49852|1|30.0100
49854|1|7.7250
49856|1|25.2800
49873|1|0.4600
49901|1|33.3585
49903|1|31.9410
49909|1|49.4141
49956|1|32.1800
49957|1|0.0100
49958|1|0.0100
49959|1|0.0100
49960|1|0.0100
49961|1|0.0100
49962|1|0.0100
49983|1|78.1300
49984|1|78.1300
49985|1|78.1300
49986|1|78.1300
49988|1|1.5200
49989|1|1.5200
49990|1|1.5200
49991|1|2.4800
49992|1|2.6700
49993|1|2.6700
49994|1|0.0100
49998|1|96.6700
49999|1|92.8100
50000|1|325.0233
50002|1|251.7094
50004|1|219.1195
50005|1|22.2300
50007|1|39.0000
50022|1|0.0120
50028|1|40.7600
50029|1|163.2750
50030|1|302.4800
50031|1|17.6600
50032|1|39.1000
50033|1|20.3800
50034|1|11.4400
50038|1|66.1306
50039|1|11.4400
50040|1|11.4400
50041|1|11.4400
50044|1|1.0546
50051|1|2.5430
50052|1|2.5430
50053|1|1.0291
50055|1|2.3814
50058|1|1.7180
50061|1|1.8966
50063|1|2.8152
50066|1|1.5819
50068|1|1.4373
50069|1|2.0582
50070|1|1.4373
50071|1|2.0582
50083|1|1.4373
50084|1|2.0582
50088|1|1.8201
50092|1|1.8201
50100|1|1.4969
50102|1|1.1567
50107|1|3.6231
50112|1|1.4373
50118|1|4.6600
50119|1|8.8800
50121|1|2.0200
50124|1|3.0400
50125|1|3.3200
50131|1|3.0000
50135|1|53.2600
50136|1|53.2600
50137|1|0.0100
50140|1|0.0100
50141|1|0.0100
50142|1|24.0295
50145|1|46.1000
50146|1|75.8000
50147|1|46.1000
50148|1|46.1000
50149|1|75.8000
50150|1|46.1000
50151|1|46.1000
50152|1|46.1000
50153|1|75.8000
50156|1|46.1000
50157|1|75.8000
50158|1|46.1000
50160|1|151.5900
50161|1|46.1000
50162|1|75.8000
50163|1|46.1000
50164|1|151.5900
50165|1|46.1000
50166|1|82.0200
50167|1|157.0200
50170|1|157.0200
50174|1|46.1000
50178|1|46.1000
50187|1|13.9700
50188|1|13.9700
50209|1|78.4100
50213|1|132.9600
50216|1|15.6600
50217|1|0.0100
50219|1|0.0100
50221|1|0.0100
50223|1|0.0100
50224|1|0.0100
50225|1|0.0100
50226|1|0.0100
50227|1|0.0100
50229|1|0.0100
50230|1|0.0100
50231|1|0.0100
50232|1|0.0100
50233|1|0.0100
50234|1|0.0100
50235|1|0.0100
50236|1|0.0100
50237|1|0.0100
50238|1|0.0100
50239|1|0.0100
50240|1|0.0100
50241|1|0.0100
50242|1|0.0100
50243|1|0.0100
50244|1|0.0100
50245|1|0.0100
50246|1|0.0100
50247|1|0.0100
50248|1|0.0100
50256|1|0.0100
50260|1|202.8408
50262|1|38.0397
50268|1|57.4000
50269|1|12.3030
50271|1|12.3000
50272|1|43.9329
50274|1|0.0100
50276|1|0.0100
50277|1|28.6448
50278|1|46.1000
50280|1|1.8000
50281|1|12.8931
50282|1|16.0377
50285|1|33.2608
50288|1|15.8039
50294|1|85.5776
50298|1|132.8113
50311|1|0.0100
50313|1|28.1100
50317|1|2.0800
50324|1|13.3860
50325|1|28.5930
50327|1|28.5930
50328|1|5.7709
50329|1|9.0672
50330|1|9.0672
50331|1|9.0672
50332|1|14.6578
50333|1|14.6578
50334|1|13.5657
50335|1|14.6578
50336|1|14.6578
50338|1|12.1785
50339|1|11.8450
50340|1|7.7250
50350|1|0.0100
50351|1|0.0100
50352|1|0.0100
50354|1|9.8700
50355|1|0.0120
50357|1|51.9100
50358|1|51.9100
50367|1|46.0740
50368|1|30.5800
50369|1|32.6700
50370|1|32.6700
50371|1|32.6700
50373|1|32.7900
50374|1|32.7900
50375|1|39.6700
50376|1|8.6219
50377|1|30.7050
50378|1|0.0100
50379|1|11.3800
50381|1|39.6800
50387|1|0.5400
50388|1|5.0103
50390|1|12.8200
50393|1|5.6700
50404|1|29.3990
50407|1|29.3990
50409|1|62.9570
50410|1|109.4741
50411|1|92.2310
50414|1|120.2500
50416|1|76.3600
50432|1|217.4000
50433|1|251.4200
50434|1|279.9900
50435|1|279.9900
50437|1|342.6400
50438|1|362.2600
50439|1|261.2200
50440|1|289.8600
50441|1|255.8900
50443|1|233.5100
50444|1|341.7200
50448|1|61.4800
50449|1|25.2100
50452|1|65.6800
50453|1|78.1900
50454|1|212.9800
50455|1|212.9800
50471|1|25.0000
50473|1|33.5700
50474|1|33.5700
50475|1|33.5700
50476|1|33.5700
50477|1|33.5700
50478|1|33.5700
50479|1|22.8200
50480|1|22.8200
50481|1|22.8200
50483|1|46.8700
50488|1|57.0600
50489|1|57.0600
50490|1|78.3000
50491|1|78.3000
50492|1|78.3000
50493|1|78.3000
50494|1|86.2100
50495|1|86.2100
50496|1|86.2100
50497|1|78.3000
50498|1|78.3000
50499|1|78.3000
50506|1|35.8000
50507|1|9.9000
50508|1|55.8200
50511|1|114.6700
50512|1|473.5191
50514|1|75.6800
50515|1|53.2300
50516|1|31.7300
50518|1|132.7106
50521|1|56.3350
50522|1|23.0800
50523|1|30.3100
50524|1|34.4400
50525|1|232.4700
50528|1|371.7700
50541|1|9.8700
50542|1|56.8800
50543|1|56.8800
50544|1|56.8800
50545|1|56.8800
50546|1|56.8800
50547|1|56.8800
50548|1|56.8800
50549|1|56.8800
50550|1|56.8800
50551|1|56.8800
50552|1|56.8800
50553|1|56.8800
50558|1|17.7800
50565|1|68.1036
50568|1|33.3349
50575|1|75.6800
50581|1|12.8400
50582|1|68.0100
50583|1|68.0100
50584|1|75.6800
50585|1|110.2612
50586|1|110.2612
50587|1|110.2612
50588|1|110.2612
50589|1|110.2612
50590|1|110.2612
50591|1|66.7150
50592|1|66.7150
50593|1|66.7150
50594|1|66.7150
50595|1|66.7150
50596|1|66.7150
50597|1|66.7150
50598|1|43.3510
50599|1|43.3510
50600|1|43.3510
50601|1|43.3510
50602|1|43.3510
50603|1|43.3510
50604|1|43.3510
50605|1|43.3510
50606|1|43.3510
50607|1|43.3510
50608|1|43.3510
50609|1|43.3510
50610|1|43.3510
50611|1|43.3510
50612|1|43.3510
50617|1|85.4700
50618|1|85.4700
50619|1|85.4700
50620|1|99.2970
50621|1|99.2970
50622|1|99.2970
50623|1|99.2970
50624|1|99.2970
50625|1|93.7200
50626|1|93.7200
50627|1|56.9400
50628|1|56.9423
50630|1|78.5100
50631|1|78.5100
50632|1|78.5100
50639|1|5.1200
50640|1|5.1200
50641|1|8.3600
50642|1|8.3600
50643|1|18.6800
50644|1|75.1800
50645|1|75.1800
50646|1|75.1800
50648|1|120.2500
50649|1|130.4419
50650|1|23.4015
50652|1|5.1200
50653|1|5.1200
50654|1|8.3600
50658|1|4.2000
50661|1|29.7000
50662|1|14.0730
50664|1|8.3947
50667|1|0.0100
50668|1|0.0100
50682|1|66.6600
50683|1|66.6600
50686|1|66.6600
50687|1|66.6600
50689|1|45.6300
50691|1|45.6300
50692|1|45.6300
50693|1|34.5500
50697|1|51.9100
50698|1|51.9100
50699|1|51.9100
50706|1|18.7180
50707|1|22.3386
50710|1|0.0100
50711|1|0.0100
50712|1|0.0100
50721|1|0.0100
50722|1|0.0100
50726|1|310.4500
50729|1|14.7400
50730|1|14.7400
50731|1|4.6200
50732|1|2.7300
50733|1|2.7300
50734|1|2.7300
50735|1|59.4663
50736|1|113.0061
50752|1|55.6800
50753|1|17.6304
50755|1|8.3600
50761|1|27.1900
50763|1|27.1900
50764|1|27.1900
50765|1|27.1900
50770|1|27.1900
50771|1|27.1900
50772|1|25.2500
50773|1|25.2500
50774|1|15.6000
50775|1|31.1400
50777|1|98.0800
50779|1|98.0800
50780|1|98.0800
50781|1|98.0800
50782|1|98.0800
50783|1|98.0800
50784|1|98.0800
50785|1|98.0800
50790|1|16.1500
50791|1|24.8100
50806|1|23.5100
50807|1|35.0600
50808|1|35.0600
50809|1|35.0600
50812|1|7.1100
50814|1|7.1100
50815|1|7.1100
50820|1|14.9300
50821|1|98.0800
50822|1|98.0800
50823|1|98.0800
50824|1|98.0800
50825|1|98.0800
50829|1|38.8700
50836|1|9.0264
50838|1|421.9200
50840|1|58.9700
50841|1|43.4400
50842|1|27.9300
50850|1|0.0100
50852|1|14.1625
50853|1|0.0100
50854|1|0.0100
50855|1|0.0100
50858|1|220.2700
50860|1|421.9200
50861|1|50.4200
50862|1|75.1800
50864|1|32.6200
50865|1|32.6200
50866|1|32.6200
50868|1|32.6200
50869|1|32.6200
50870|1|32.6200
50871|1|32.6200
50872|1|32.6200
50873|1|32.6200
50874|1|44.0300
50875|1|44.0300
50876|1|44.0300
50878|1|44.0300
50879|1|44.0300
50880|1|44.0300
50881|1|44.0300
50882|1|44.0300
50883|1|44.0300
50884|1|32.6200
50885|1|32.6200
50886|1|32.6200
50887|1|32.6200
50888|1|32.6200
50895|1|125.9139
50898|1|138.7481
50899|1|138.7481
50900|1|146.7726
50905|1|8.6000
50915|1|220.2700
50917|1|18.2600
50918|1|10.7400
50919|1|35.3400
50920|1|35.3400
50922|1|65.3600
50923|1|63.5600
50940|1|3.0000
50941|1|1.9592
50949|1|2.1800
50952|1|5.4800
50953|1|2.0744
50955|1|15.3400
50956|1|15.3400
50957|1|18.8000
50959|1|11.0600
50960|1|11.0600
50961|1|11.0600
50962|1|17.2800
50963|1|19.7100
50965|1|31.0700
50966|1|35.4800
50968|1|22.9700
50969|1|24.3400
50975|1|421.9200
50976|1|52.2100
50977|1|52.2100
50978|1|53.3400
50980|1|53.3400
50981|1|64.3692
50982|1|64.3692
50984|1|52.0800
50985|1|52.0800
50986|1|52.0800
50996|1|168.9700
51000|1|18.2900
51001|1|15.3400
51003|1|28.0100
51004|1|47.7900
51006|1|28.0100
51007|1|16.9100
51008|1|16.9100
51009|1|16.9100
51011|1|10.9900
51014|1|13.3500
51015|1|13.3500
51016|1|13.3500
51017|1|13.3500
51018|1|13.3500
51024|1|18.0793
51025|1|20.3700
51039|1|2.0900
51040|1|19.4200
51041|1|31.0000
51042|1|31.0000
51043|1|39.0000
51046|1|67.8500
51048|1|3.1400
51068|1|19.5003
51070|1|20.3716
51086|1|57.1600
51087|1|57.1600
51094|1|35.5200
51095|1|15.0100
51097|1|220.2700
51102|1|21.4500
51103|1|0.0100
51104|1|0.0100
51105|1|0.0100
51106|1|0.0100
51107|1|0.0100
51108|1|0.0100
51109|1|0.0100
51110|1|0.0100
51111|1|0.0100
51112|1|0.7600
51115|1|220.2700
51116|1|105.4500
51118|1|155.8620
51128|1|8.8095
51129|1|19.7085
51130|1|13.9545
51132|1|20.9800
51133|1|2.0900
51138|1|35.9300
51141|1|0.0100
51144|1|0.0100
51150|1|25.3575
51151|1|37.8200
51153|1|37.8200
51166|1|98.0800
51167|1|98.0800
51168|1|31.7800
51171|1|20.3800
51173|1|16.2200
51174|1|16.2200
51175|1|56.7700
51176|1|56.7700
51177|1|88.0200
51178|1|88.0200
51182|1|0.0100
51183|1|0.0100
51186|1|0.0100
51187|1|0.0100
51188|1|0.0100
51189|1|0.0100
51190|1|0.0100
51191|1|0.0100
51192|1|0.0100
51194|1|22.3800
51195|1|0.0100
51198|1|0.0100
51199|1|0.0100
51200|1|0.0100
51201|1|0.0100
51202|1|0.0100
51203|1|0.0100
51204|1|0.0100
51205|1|0.0100
51206|1|0.0100
51207|1|0.0100
51208|1|0.0100
51209|1|0.0100
51210|1|0.0100
51211|1|0.0100
51212|1|0.0100
51213|1|0.0100
51214|1|0.0100
51216|1|0.0100
51217|1|0.0100
51218|1|0.0100
51219|1|0.0100
51220|1|0.0100
51221|1|0.0100
51222|1|0.0100
51223|1|0.0100
51224|1|0.0100
51225|1|0.0100
51226|1|0.0100
51227|1|0.0100
51228|1|0.0100
51229|1|0.0100
51230|1|0.0100
51231|1|0.0100
51232|1|0.0100
51233|1|0.0100
51234|1|3.2817
51235|1|11.5488
51236|1|0.0100
51237|1|0.0100
51238|1|0.0100
51239|1|0.0100
51240|1|0.0100
51241|1|0.0100
51242|1|0.0100
51243|1|0.0100
51244|1|0.0100
51245|1|0.0100
51246|1|0.0100
51247|1|0.0100
51248|1|0.0100
51249|1|0.0100
51250|1|0.0100
51251|1|0.0100
51252|1|0.0100
51253|1|0.0100
51254|1|0.0100
51255|1|0.0100
51256|1|0.0100
51257|1|0.0100
51258|1|0.0100
51259|1|0.0100
51260|1|0.0100
51261|1|0.0100
51262|1|0.0100
51263|1|0.0100
51264|1|0.0100
51265|1|0.0100
51266|1|0.0100
51267|1|0.0100
51268|1|0.0100
51269|1|0.0100
51270|1|0.0100
51271|1|0.0100
51273|1|0.0100
51274|1|0.0100
51276|1|0.0100
51277|1|0.0100
51278|1|0.0100
51279|1|0.0100
51280|1|0.0100
51281|1|0.0100
51282|1|0.0100
51283|1|0.0100
51284|1|0.0100
51285|1|0.0100
51286|1|0.0100
51287|1|0.0100
51288|1|0.0100
51289|1|0.0100
51290|1|0.0100
51291|1|0.0100
51292|1|0.0100
51293|1|0.0100
51294|1|0.0100
51295|1|0.0100
51296|1|0.0100
51297|1|0.0100
51298|1|0.0100
51299|1|0.0100
51300|1|0.0100
51301|1|0.0100
51302|1|0.0100
51303|1|0.0100
51304|1|0.0100
51305|1|0.0100
51306|1|0.0100
51307|1|0.0100
51308|1|0.0100
51309|1|0.0100
51310|1|0.0100
51311|1|0.0100
51312|1|0.0100
51313|1|0.0100
51314|1|0.0100
51315|1|0.0100
51316|1|0.0100
51317|1|0.0100
51318|1|0.0100
51319|1|0.0100
51320|1|0.0100
51325|1|9.8700
51327|1|0.0100
51328|1|0.0100
51331|1|4.6800
51334|1|7.7435
51335|1|67.4700
51336|1|67.4700
51337|1|95.5200
51340|1|70.3000
51348|1|20.5200
51354|1|13.6100
51355|1|13.6100
51356|1|14.6300
51357|1|13.6900
51359|1|45.3530
51362|1|24.0300
51376|1|0.0100
51383|1|0.0100
51384|1|0.0100
51390|1|13.6900
51391|1|13.6900
51392|1|13.6900
51395|1|16.3000
51396|1|16.3000
51398|1|24.1600
51399|1|24.1600
51400|1|24.1600
51401|1|24.0100
51402|1|24.0100
51403|1|24.0100
51404|1|65.0100
51405|1|83.2000
51406|1|78.9400
51407|1|78.9400
51408|1|78.9400
51410|1|68.0300
51412|1|29.7400
51416|1|24.9400
51417|1|80.9700
51418|1|80.9700
51419|1|80.9700
51422|1|13.5060
51423|1|45.3557
51425|1|23.5850
51426|1|0.0100
51427|1|37.8000
51429|1|16.9475
51430|1|6.6800
51433|1|53.0100
51434|1|53.0100
51435|1|53.0100
51436|1|53.0100
51437|1|53.0100
51438|1|53.0100
51439|1|53.0100
51440|1|0.0100
51442|1|19.9605
51449|1|0.0100
51458|1|9.4601
51459|1|5.6563
51461|1|13.3627
51462|1|13.6900
51484|1|23.4300
51489|1|17.0830
51490|1|17.0830
51492|1|21.3200
51494|1|50.4200
51496|1|19.0200
51499|1|25.2500
51503|1|44.7100
51504|1|34.1400
51505|1|34.1400
51506|1|9.1000
51507|1|128.7400
51508|1|125.2200
51509|1|123.5400
51510|1|123.5400
51511|1|128.1600
51514|1|143.7500
51516|1|135.7448
51527|1|14.9573
51553|1|76.0500
51562|1|91.2649
51563|1|48.6800
51566|1|45.4000
51568|1|61.7800
51570|1|43.3800
51571|1|43.3800
51572|1|51.0200
51574|1|51.0200
51579|1|54.2800
51582|1|61.7800
51583|1|25.7400
51584|1|36.9700
51591|1|104.3700
51596|1|77.3000
51598|1|123.7300
51619|1|67.6940
51625|1|103.3500
51637|1|21.5500
51638|1|12.8000
51644|1|33.4700
51646|1|118.7600
51648|1|24.0300
51649|1|27.2300
51650|1|14.6700
51651|1|27.2300
51652|1|27.2300
51653|1|21.8600
51654|1|21.8600
51655|1|21.8600
51656|1|28.1100
51662|1|3.2200
51664|1|18.8900
51665|1|40.3700
51676|1|60.6150
51677|1|60.6150
51679|1|48.3000
51680|1|48.3000
51682|1|3.2200
51691|1|195.2000
51692|1|127.3000
51696|1|17.5800
51698|1|4.8700
51708|1|121.1600
51712|1|75.8000
51713|1|75.8000
51716|1|46.1000
51717|1|46.1000
51722|1|29.0900
51723|1|106.8690
51724|1|162.6240
51732|1|180.6000
51741|1|98.0800
51742|1|98.0800
51743|1|98.0800
51745|1|77.1848
51746|1|77.1800
51747|1|77.1800
51748|1|36.2000
51749|1|65.5000
51766|1|268.7400
51774|1|9.6217
51796|1|76.7800
51797|1|76.7800
51798|1|13.6931
51799|1|15.8115
51805|1|27.9778
51806|1|5.2500
51815|1|100.4600
51816|1|7.9781
51817|1|91.3300
51818|1|91.3300
51819|1|91.3300
51820|1|91.3300
51821|1|91.3300
51822|1|96.9800
51823|1|96.9800
51824|1|96.9800
51825|1|96.9800
51827|1|0.0100
51832|1|0.0100
51833|1|0.0100
51834|1|0.0100
51836|1|8.4000
51837|1|8.4000
51838|1|8.4000
51839|1|8.4000
51840|1|8.4000
51841|1|22.8800
51842|1|46.7400
51848|1|28.6600
51849|1|19.0300
51852|1|9.5737
51879|1|14.5426
51880|1|33.9400
51882|1|94.3745
51883|1|94.3700
51886|1|6.2600
51887|1|12.0100
51888|1|10.4100
51894|1|2.7300
51896|1|43.6700
51897|1|12.7500
51898|1|12.9500
51899|1|21.0000
51900|1|21.0000
51903|1|27.0900
51904|1|33.4700
51941|1|44.9483
51943|1|0.0100
51945|1|89.8100
51946|1|89.8100
51950|1|167.0700
51953|1|302.4800
51954|1|302.4800
51955|1|302.4800
51956|1|82.0789
51957|1|16.4300
51958|1|70.1724
51959|1|7.3700
51967|1|271.5800
51970|1|123.0600
51977|1|126.6700
51978|1|98.0800
51980|1|98.0800
51981|1|98.0800
51982|1|98.0800
51983|1|98.0800
51984|1|0.1256
51985|1|149.6169
51987|1|9.9121
51989|1|9.3975
51990|1|9.3975
51991|1|12.1493
51993|1|12.3819
51995|1|18.4300
51996|1|18.4300
51997|1|18.4300
51998|1|12.8911
51999|1|22.7259
52000|1|22.7259
52003|1|28.6400
52004|1|35.7058
52005|1|27.0582
52006|1|16.0377
52007|1|21.0600
52009|1|22.6400
52010|1|187.0600
52018|1|38.2200
52024|1|41.7150
52030|1|32.6200
52033|1|49.2100
52034|1|49.2100
52035|1|49.2100
52036|1|49.2100
52037|1|38.2000
52038|1|38.2000
52039|1|38.2000
52040|1|43.7700
52041|1|43.7700
52042|1|43.7700
52045|1|30.2877
52046|1|30.2877
52047|1|12.8515
52048|1|12.8515
52058|1|30.8585
52059|1|20.9097
52060|1|20.6892
52061|1|20.9097
52062|1|52.3292
52063|1|52.3292
52064|1|52.3292
52067|1|34.0746
52068|1|34.0746
52069|1|34.0746
52070|1|81.8552
52071|1|81.8552
52072|1|81.8552
52073|1|81.8552
52074|1|81.8552
52075|1|81.8552
52080|1|0.0100
52081|1|0.0100
52087|1|6.0113
52094|1|0.0100
52113|1|7.9900
52114|1|0.0100
52152|1|0.0106
52160|1|4.6792
52161|1|5.2207
52162|1|5.2207
52163|1|89.1660
52164|1|71.4822
52165|1|71.4800
52172|1|227.8650
52173|1|167.1230
52174|1|167.1230
52175|1|0.0100
52177|1|0.0100
52178|1|0.0100
52179|1|0.0100
52180|1|0.0100
52181|1|0.0100
52182|1|0.0100
52183|1|0.0100
52184|1|0.0100
52187|1|98.0800
52189|1|74.7800
52193|1|66.6600
52194|1|66.6600
52195|1|87.7900
52196|1|87.7900
52197|1|56.0500
52198|1|56.0500
52199|1|56.0500
52200|1|56.0500
52201|1|56.0500
52202|1|56.0500
52203|1|56.0500
52204|1|56.0500
52205|1|56.0500
52206|1|56.0500
52207|1|56.0500
52208|1|56.0500
52209|1|56.0500
52212|1|56.0500
52213|1|56.0500
52214|1|56.0500
52215|1|56.0500
52216|1|56.0500
52217|1|56.0500
52219|1|56.0500
52244|1|14.6578
52245|1|14.6578
52248|1|7.3700
52260|1|0.0100
52272|1|66.6600
52274|1|84.5400
52275|1|84.5400
52277|1|97.1300
52278|1|97.1300
52284|1|80.1075
52285|1|80.1075
52286|1|80.1075
52287|1|43.5600
52288|1|43.5600
52289|1|43.5600
52294|1|8.8400
52299|1|0.0100
52300|1|0.0100
52301|1|0.0100
52303|1|6.9525
52314|1|17.7164
52315|1|98.0800
52316|1|8.8600
52322|1|232.6900
52323|1|232.6900
52327|1|161.5800
52329|1|21.4400
52334|1|20.9300
52345|1|3.2700
52346|1|0.0100
52350|1|6.3600
52351|1|5.0300
52353|1|40.2400
52356|1|0.0100
52369|1|97.0509
52370|1|45.5550
52374|1|57.4000
52376|1|106.4345
52377|1|11.8869
52378|1|16.3835
52379|1|40.7600
52383|1|41.2800
52385|1|41.2800
52386|1|41.2800
52387|1|72.1400
52389|1|58.0800
52390|1|58.0800
52391|1|52.8703
52392|1|52.8703
52393|1|52.8703
52394|1|52.8703
52399|1|108.2100
52403|1|0.0120
52405|1|25.6568
52406|1|30.6646
52409|1|22.2642
52411|1|8.7100
52417|1|34.9480
52419|1|63.5600
52425|1|39.9300
52428|1|299.3100
52439|1|43.9000
52455|1|21.0800
52459|1|100.2308
52460|1|100.2308
52461|1|135.1000
52462|1|89.7600
52463|1|89.7600
52464|1|89.7600
52465|1|89.7600
52466|1|89.7600
52468|1|69.2500
52469|1|69.2500
52470|1|69.2500
52471|1|89.7600
52472|1|89.7600
52473|1|89.7600
52474|1|0.0100
52476|1|0.0100
52477|1|0.0100
52479|1|0.0100
52480|1|0.0100
52481|1|0.0100
52482|1|0.0100
52483|1|0.0100
52484|1|0.0100
52485|1|0.0100
52486|1|0.0100
52487|1|0.0100
52488|1|0.0100
52489|1|0.0100
52490|1|0.0100
52493|1|113.7500
52494|1|113.7500
52495|1|113.7500
52496|1|113.7500
52497|1|113.7500
52498|1|113.7500
52499|1|113.7500
52500|1|113.7500
52501|1|113.7500
52502|1|113.7500
52503|1|113.7500
52504|1|113.7500
52505|1|0.0100
52506|1|0.0100
52507|1|0.0100
52508|1|0.0100
52509|1|0.0100
52510|1|0.0100
52511|1|0.0100
52512|1|0.0100
52513|1|0.0100
52514|1|0.0100
52515|1|0.0100
52516|1|0.0100
52517|1|0.0100
52518|1|0.0100
52519|1|0.0100
52520|1|0.0100
52521|1|76.6000
52522|1|76.6000
52527|1|71.8900
52528|1|71.8900
52529|1|71.8900
52537|1|34.1600
52538|1|30.4300
52539|1|69.2700
52543|1|151.4551
52562|1|3.7760
52563|1|6.5265
52571|1|69.7725
52572|1|2.7364
52576|1|46.9035
52577|1|48.1740
52578|1|8.9460
52584|1|37.5200
52597|1|54.6400
52599|1|105.4500
52600|1|105.4500
52602|1|11.0493
52604|1|93.6700
52611|1|55.7900
52613|1|50.8725
52615|1|55.7900
52616|1|55.7900
52617|1|18.8944
52618|1|11.1224
52619|1|51.8600
52620|1|51.8600
52625|1|51.8600
52626|1|51.8600
52627|1|48.1740
52637|1|8.1000
52638|1|8.1000
52639|1|3.2700
52640|1|8.1000
52646|1|50.5900
52660|1|11.7300
52661|1|11.7300
52667|1|17.8300
52668|1|268.7400
52669|1|292.1700
52670|1|215.1200
52671|1|43.1408
52678|1|43.1408
52679|1|31.6400
52680|1|32.7400
52688|1|32.7400
52698|1|19.2800
52702|1|677.8000
52718|1|145.8402
52719|1|10.1000
52727|1|10.2600
52738|1|0.7707
52745|1|165.4900
52747|1|13.3950
52748|1|9.9739
52761|1|268.7400
52762|1|7.8546
52768|1|295.0926
52771|1|38.9100
52772|1|30.3300
52773|1|139.2900
52777|1|45.6300
52778|1|57.7100
52779|1|57.7100
52780|1|51.9100
52781|1|51.9100
52782|1|121.2300
52783|1|121.2300
52785|1|121.2300
52786|1|116.6200
52788|1|116.6200
52789|1|116.6200
52790|1|116.6200
52791|1|116.6200
52792|1|116.6200
52793|1|116.6200
52794|1|116.6200
52795|1|116.6200
52796|1|116.6200
52797|1|116.6200
52798|1|116.6200
52799|1|116.6200
52800|1|116.6200
52801|1|116.6200
52802|1|116.6200
52803|1|116.6200
52804|1|116.6200
52805|1|116.6200
52806|1|116.6200
52808|1|15.3500
52809|1|36.2000
52810|1|65.5000
52811|1|21.9100
52812|1|52.2100
52813|1|52.8703
52819|1|76.5500
52820|1|75.1800
52824|1|97.1300
52832|1|11.8860
52834|1|0.0100
52836|1|9.7400
52837|1|13.4900
52838|1|28.9600
52843|1|37.5200
52844|1|50.4200
52845|1|35.7080
52846|1|60.6150
52848|1|9.4300
52851|1|19.2500
52854|1|11.3200
52859|1|75.6800
52860|1|75.1800
52862|1|75.1800
52863|1|75.1800
52864|1|120.2500
52865|1|130.4400
52873|1|10.2600
52874|1|10.2600
52884|1|10.2600
52885|1|10.2600
52886|1|10.2600
52896|1|8.1113
52901|1|16.3800
52903|1|16.3800
52907|1|17.1675
52909|1|13.6395
52915|1|73.1200
52917|1|6.8775
52918|1|7.6020
52944|1|7.0350
52945|1|22.0500
52946|1|7.0350
52954|1|56.9800
52955|1|239.3800
52964|1|0.0100
52971|1|21.4400
52979|1|85.9700
52991|1|98.7816
52994|1|49.2900
52997|1|68.0100
52998|1|68.0100
53011|1|21.5663
53012|1|0.0100
53013|1|0.0100
53014|1|0.0100
53015|1|90.6851
53016|1|90.6851
53017|1|98.0800
53018|1|93.7200
53019|1|93.7200
53020|1|0.0100
53021|1|0.0100
53022|1|0.0100
53023|1|0.0100
53024|1|0.0100
53025|1|0.0100
53026|1|0.0100
53027|1|0.0100
53028|1|0.0100
53029|1|0.0100
53030|1|0.0100
53031|1|0.0100
53032|1|0.0100
53033|1|0.0100
53034|1|0.0100
53035|1|0.0100
53036|1|0.0100
53037|1|0.0100
53038|1|0.0100
53039|1|0.0100
53040|1|0.0100
53041|1|0.0100
53042|1|0.0100
53043|1|0.0100
53044|1|0.0100
53045|1|0.0100
53046|1|0.0100
53047|1|0.0100
53048|1|5.5000
53049|1|23.1414
53052|1|40.3161
53053|1|167.9871
53068|1|5.4951
53072|1|5.8600
53073|1|13.1600
53074|1|13.1600
53075|1|13.1600
53079|1|10.2600
53080|1|62.6442
53081|1|0.0100
53082|1|43.1900
53083|1|56.2500
53088|1|56.0500
53090|1|19.9400
53091|1|13.8200
53092|1|118.2606
53093|1|26.8203
53094|1|50.9600
53097|1|33.0400
53098|1|22.7800
53099|1|18.6200
53100|1|37.8300
53107|1|21.1300
53109|1|21.1300
53110|1|21.1300
53116|1|13.8800
53121|1|69.2800
53131|1|60.8100
53132|1|28.9600
53133|1|8.1900
53134|1|31.1318
53135|1|20.1488
53140|1|27.1100
53141|1|27.1100
53142|1|63.5600
53143|1|71.2900
53144|1|56.2500
53145|1|56.2500
53151|1|35.7400
53154|1|35.7400
53155|1|35.7400
53156|1|35.7400
53161|1|117.8839
53169|1|101.0200
53172|1|188.4200
53173|1|118.5900
53175|1|42.0200
53184|1|188.4218
53185|1|188.4218
53186|1|188.4218
53191|1|21.8595
53192|1|141.8800
53193|1|141.8800
53200|1|32.7800
53203|1|13.3600
53204|1|13.3600
53205|1|89.4485
53206|1|63.5600
53208|1|111.0000
53209|1|139.7500
53210|1|109.2700
53215|1|92.3400
53216|1|129.9800
53217|1|94.6500
53219|1|130.8200
53220|1|122.0900
53225|1|113.3700
53226|1|164.5600
53230|1|7.3800
53231|1|13.7500
53232|1|7.7700
53237|1|7.8500
53241|1|43.1900
53242|1|80.1400
53245|1|6.5324
53246|1|10.7103
53247|1|10.7103
53248|1|20.8500
53249|1|12.2800
53250|1|43.1900
53251|1|62.6900
53252|1|71.8900
53254|1|84.4500
53255|1|80.1400
53256|1|80.1400
53258|1|32.1500
53259|1|4.8700
53260|1|4.8700
53261|1|166.7700
53265|1|16.3683
53271|1|16.6304
53272|1|17.6887
53273|1|24.9300
53274|1|13.1200
53275|1|15.1000
53279|1|74.3900
53280|1|82.0800
53281|1|76.2300
53282|1|62.6900
53284|1|66.9000
53285|1|62.6900
53294|1|40.6724
53295|1|33.6300
53296|1|33.6300
53297|1|33.6300
53299|1|50.9600
53301|1|144.7216
53302|1|70.1900
53303|1|17.6333
53304|1|20.4235
53306|1|16.9100
53327|1|114.1900
53329|1|73.0000
53330|1|13.1600
53331|1|13.1600
53332|1|10.2600
53340|1|13.1600
53341|1|13.1600
53342|1|13.1600
53357|1|21.2700
53358|1|23.4052
53359|1|25.2000
53360|1|20.1500
53361|1|25.2000
53362|1|33.6000
53363|1|33.6000
53364|1|25.2000
53365|1|33.6000
53366|1|15.1000
53367|1|13.1712
53368|1|10.8817
53381|1|143.8000
53382|1|21.4400
53389|1|22.2900
53395|1|0.0100
53397|1|39.6800
53398|1|165.2400
53399|1|39.6786
53400|1|0.4098
53401|1|1.9600
53402|1|89.3300
53403|1|66.6600
53406|1|126.6700
53407|1|312.7500
53408|1|26.7200
53409|1|30.4000
53410|1|32.6900
53411|1|31.3800
53412|1|30.5800
53419|1|21.0100
53423|1|131.2150
53427|1|32.7800
53428|1|66.9000
53431|1|64.3100
53432|1|64.3100
53434|1|70.1900
53439|1|2.8800
53440|1|24.1058
53441|1|24.3400
53442|1|24.3400
53443|1|18.8200
53444|1|21.4900
53445|1|90.1900
53454|1|155.9100
53463|1|116.7401
53469|1|12.9900
53470|1|37.5200
53471|1|16.2200
53472|1|56.7700
53473|1|88.0200
53475|1|36.6900
53479|1|62.8300
53481|1|23.4800
53483|1|25.0800
53484|1|19.9358
53486|1|19.3694
53487|1|32.6055
53488|1|32.6055
53489|1|32.6055
53490|1|40.3117
53493|1|38.0400
53494|1|40.6700
53495|1|9.0100
53496|1|56.2500
53497|1|66.9000
53498|1|79.2800
53505|1|70.0400
53506|1|70.0400
53514|1|29.1364
53515|1|27.4718
53516|1|27.4718
53517|1|110.1340
53521|1|8.2100
53528|1|56.8700
53530|1|45.7855
53531|1|45.7855
53532|1|2.0087
53533|1|19.6469
53534|1|19.6469
53535|1|19.6469
53541|1|50.2029
53543|1|50.2000
53544|1|43.1712
53547|1|15.4092
53548|1|14.2470
53553|1|31.5100
53555|1|31.5100
53556|1|31.5100
53557|1|31.5100
53558|1|31.5100
53559|1|31.5100
53560|1|31.5100
53561|1|31.5100
53562|1|31.5100
53564|1|48.3200
53567|1|11.9301
53568|1|48.3200
53570|1|48.3200
53571|1|48.3200
53575|1|126.6700
53576|1|106.8900
53577|1|123.3000
53580|1|302.4800
53581|1|22.3400
53582|1|13.1400
53583|1|18.6114
53586|1|21.5937
53587|1|19.9972
53588|1|43.1700
53591|1|243.4100
53596|1|45.0700
53597|1|18.6100
53598|1|45.0700
53599|1|18.6114
53606|1|100.1600
53607|1|181.7800
53608|1|102.1900
53609|1|533.1188
53614|1|12.9093
53616|1|10.9298
53617|1|24.9300
53633|1|13.4400
53635|1|23.9700
53636|1|24.0700
53637|1|23.9700
53638|1|38.1100
53639|1|15.2376
53640|1|20.1180
53641|1|20.1180
53642|1|21.9345
53643|1|20.1180
53644|1|36.6975
53645|1|48.7515
53646|1|40.9080
53647|1|42.6090
53649|1|15.9574
53654|1|144.7216
53663|1|77.1848
53674|1|76.2400
53675|1|99.7226
53696|1|15.4092
53697|1|15.4092
53700|1|15.3663
53702|1|259.2700
53705|1|26.0995
53706|1|26.0995
53707|1|30.0269
53708|1|30.0269
53712|1|37.1484
53713|1|37.1484
53715|1|9.4300
53718|1|246.6100
53721|1|60.2800
53722|1|60.2800
53725|1|0.0100
53726|1|0.0100
53728|1|0.0100
53729|1|0.0100
53730|1|395.5500
53731|1|18.1405
53746|1|12.3000
53747|1|12.3000
53748|1|12.3000
53749|1|12.3000
53750|1|12.3000
53751|1|12.3000
53752|1|12.3000
53762|1|10.9298
53768|1|29.0400
53769|1|29.0400
53770|1|29.0400
53771|1|29.0400
53772|1|29.0400
53773|1|36.3000
53774|1|29.0400
53775|1|29.0400
53776|1|29.0400
53781|1|25.9300
53782|1|25.9300
53783|1|25.9300
53784|1|25.9300
53785|1|25.9300
53788|1|20.3716
53789|1|20.3716
53791|1|44.3400
53792|1|17.3102
53795|1|2.1800
53797|1|54.5800
53798|1|76.2300
53799|1|71.2900
53806|1|60.8100
53807|1|0.0100
53808|1|0.0100
53809|1|0.0100
53810|1|0.0100
53811|1|0.0100
53812|1|0.0100
53813|1|0.0100
53814|1|0.0100
53815|1|0.0100
53816|1|0.0100
53817|1|0.0100
53818|1|0.0100
53819|1|0.0100
53820|1|0.0100
53821|1|0.0100
53822|1|0.0100
53823|1|0.0100
53824|1|0.0100
53825|1|0.0100
53826|1|0.0100
53827|1|0.0100
53828|1|0.0100
53829|1|0.0100
53830|1|0.0100
53831|1|0.0100
53832|1|0.0100
53833|1|0.0100
53834|1|0.0100
53835|1|0.0100
53837|1|45.6300
53838|1|57.7100
53839|1|57.7100
53840|1|51.9100
53841|1|51.9100
53843|1|97.1300
53844|1|97.1300
53845|1|0.0100
53846|1|0.0100
53847|1|0.0100
53848|1|0.0100
53849|1|0.0100
53850|1|0.0100
53851|1|0.0100
53852|1|0.0100
53853|1|0.0100
53854|1|0.0100
53855|1|0.0100
53856|1|0.0100
53857|1|0.0100
53858|1|0.0100
53859|1|0.0100
53860|1|60.8100
53861|1|14.9744
53863|1|91.8456
53864|1|23.1400
53865|1|15.7500
53866|1|26.2080
53868|1|23.6250
53869|1|36.6030
53870|1|36.6030
53871|1|55.9125
53872|1|34.6500
53873|1|50.5785
53874|1|132.2640
53875|1|132.2600
53876|1|132.2600
53877|1|69.9300
53878|1|69.9300
53879|1|69.9300
53880|1|69.9300
53881|1|69.9300
53882|1|122.6000
53883|1|38.0400
53884|1|33.6300
53885|1|33.6300
53888|1|28.6698
53889|1|9.0405
53890|1|15.1200
53891|1|11.0145
53892|1|159.3795
53893|1|76.4925
53894|1|15.2775
53895|1|36.2985
53896|1|69.2685
53897|1|155.3265
53898|1|106.9845
53899|1|121.2015
53903|1|18.0900
53906|1|0.3395
53908|1|5.9600
53911|1|0.0100
53923|1|50.0577
53924|1|50.0577
53925|1|0.0108
53928|1|105.9800
53929|1|105.9800
53930|1|105.9800
53931|1|105.9800
53932|1|105.9800
53933|1|89.6900
53934|1|89.6900
53935|1|40.6700
53937|1|18.1400
53938|1|15.3663
53940|1|16.1100
53941|1|8.4500
53942|1|22.3400
53943|1|22.3400
53945|1|22.3400
53947|1|43.7000
53948|1|0.0106
53950|1|54.5800
53951|1|33.0800
53953|1|64.3100
53954|1|64.3100
53955|1|64.3100
53956|1|46.1000
53959|1|55.7900
53961|1|30.7200
53963|1|7.9700
53965|1|64.3100
53967|1|6.8700
53968|1|11.3800
53973|1|30.4600
53974|1|33.7700
53975|1|26.7700
53976|1|31.6000
53977|1|29.1600
53978|1|29.1600
53980|1|7.4200
53982|1|49.0300
53984|1|43.1700
53985|1|27.9700
53986|1|20.4500
53987|1|28.8300
53989|1|17.0700
53990|1|17.0700
53991|1|20.0800
53993|1|66.6600
53995|1|115.4300
53996|1|139.2800
53997|1|98.4200
53998|1|113.8600
53999|1|74.3900
54000|1|81.0500
54001|1|116.7500
54002|1|85.5300
54003|1|102.4600
54004|1|92.3400
54005|1|109.0100
54011|1|0.0100
54012|1|0.0100
54013|1|0.0100
54014|1|0.0100
54015|1|0.0100
54016|1|0.0100
54017|1|0.0100
54018|1|0.0100
54020|1|291.4500
54023|1|0.0100
54025|1|0.0100
54030|1|285.7608
54042|1|5.0700
54043|1|13.3655
54045|1|15.5400
54047|1|76.2300
54048|1|76.2300
54049|1|14.5410
54050|1|19.6130
54051|1|28.8800
54052|1|0.0100
54053|1|62.0500
54054|1|62.0500
54055|1|105.4500
54061|1|36.3800
54065|1|16.1076
54066|1|22.4607
54067|1|20.9575
54068|1|25.1161
54069|1|31.6996
54070|1|28.3529
54071|1|25.9280
54073|1|9.8200
54074|1|12.0100
54075|1|14.2100
54076|1|9.4144
54077|1|14.3740
54078|1|20.0358
54079|1|23.9639
54080|1|16.1076
54081|1|12.5306
54088|1|42.0200
54089|1|42.0200
54090|1|42.0200
54091|1|32.6200
54092|1|44.0300
54093|1|32.6200
54094|1|21.9519
54095|1|5.0400
54096|1|5.0400
54097|1|5.0400
54098|1|5.0400
54099|1|24.9710
54100|1|5.0400
54101|1|5.0400
54102|1|5.0400
54103|1|7.4025
54104|1|7.4025
54105|1|4.8615
54106|1|4.8615
54107|1|4.8615
54108|1|4.1370
54109|1|6.1005
54110|1|6.1005
54111|1|7.2305
54112|1|4.7880
54113|1|7.2240
54114|1|7.2240
54115|1|7.2240
54116|1|8.0430
54118|1|8.0430
54119|1|7.2240
54120|1|7.2240
54121|1|8.0115
54122|1|13.6931
54123|1|8.0115
54124|1|8.6205
54125|1|8.6205
54126|1|8.6205
54127|1|8.6205
54128|1|8.6205
54129|1|11.4345
54130|1|8.0430
54131|1|7.4760
54132|1|7.4760
54133|1|7.4760
54134|1|7.4760
54135|1|7.4760
54136|1|7.4760
54137|1|7.4760
54138|1|6.7410
54139|1|6.7410
54140|1|7.4760
54141|1|15.3405
54142|1|19.4250
54143|1|19.4250
54144|1|19.4250
54145|1|19.4250
54146|1|20.6220
54147|1|20.6220
54148|1|19.4250
54149|1|19.4250
54150|1|10.4370
54151|1|15.5925
54152|1|13.9440
54153|1|13.9440
54154|1|13.9440
54155|1|4.5360
54156|1|4.5360
54158|1|41.2100
54160|1|76.2300
54164|1|0.0100
54166|1|25.9313
54167|1|64.3100
54169|1|221.5201
54170|1|219.1195
54171|1|341.3019
54174|1|48.4100
54178|1|88.1705
54179|1|96.7725
54180|1|55.9130
54181|1|91.3963
54182|1|51.6120
54183|1|78.4933
54184|1|86.0200
54185|1|92.4715
54186|1|97.8478
54187|1|86.0200
54188|1|58.0635
54189|1|86.0200
54190|1|92.4715
54191|1|99.9983
54192|1|105.3745
54196|1|0.0120
54198|1|34.1400
54199|1|40.2400
54202|1|128.1600
54203|1|0.3982
54204|1|0.3982
54205|1|7.4000
54207|1|0.0120
54208|1|0.0120
54210|1|17.8700
54211|1|17.8700
54212|1|17.8700
54213|1|17.8700
54214|1|17.8700
54217|1|29.1600
54219|1|53.2600
54220|1|53.2600
54221|1|31.3300
54223|1|33.6200
54224|1|33.6200
54227|1|84.4500
54230|1|27.8039
54247|1|126.6700
54248|1|126.6700
54249|1|126.6700
54250|1|126.6700
54251|1|126.6700
54252|1|126.6700
54253|1|126.6700
54254|1|126.6700
54256|1|126.6700
54257|1|126.6700
54262|1|4.0900
54263|1|4.0900
54264|1|4.0900
54265|1|4.5400
54266|1|53.2600
54268|1|472.5000
54269|1|42.3219
54273|1|58.0740
54274|1|52.0927
54275|1|188.4218
54276|1|188.4218
54277|1|0.0100
54278|1|0.0100
54279|1|0.0100
54281|1|325.8772
54282|1|55.1985
54283|1|58.8735
54286|1|0.0100
54287|1|0.0100
54288|1|0.0100
54289|1|0.0100
54291|1|0.8511
54293|1|0.2357
54301|1|25.3235
54304|1|20.6796
54312|1|53.2600
54315|1|20.8500
54316|1|12.2800
54318|1|0.0100
54319|1|40.1835
54320|1|40.1835
54322|1|77.1798
54323|1|40.1956
54324|1|172.4625
54325|1|110.1340
54326|1|58.7559
54327|1|58.9260
54328|1|185.4720
54331|1|3.8063
54332|1|3.8063
54334|1|51.4185
54335|1|48.2475
54337|1|22.4910
54338|1|30.4920
54339|1|30.4920
54340|1|121.4220
54342|1|11.2786
54343|1|13.3195
54344|1|4.4919
54350|1|126.6700
54355|1|77.2600
54358|1|34.9600
54359|1|58.2400
54360|1|71.6300
54361|1|107.1100
54362|1|32.8800
54363|1|31.0500
54364|1|49.0600
54365|1|62.9300
54367|1|51.7300
54368|1|62.9300
54369|1|76.9100
54370|1|39.4100
54371|1|39.4100
54372|1|64.9100
54373|1|42.0200
54374|1|30.7700
54375|1|52.9000
54376|1|65.9400
54377|1|52.9000
54378|1|79.7000
54379|1|69.9200
54381|1|14.0200
54382|1|14.0200
54383|1|14.0200
54384|1|14.7300
54385|1|14.7300
54386|1|46.5200
54387|1|56.3900
54388|1|44.9400
54389|1|53.6100
54390|1|70.4600
54391|1|46.5200
54392|1|48.7100
54393|1|96.1600
54394|1|73.9700
54395|1|120.8300
54396|1|96.1600
54397|1|96.1600
54398|1|73.4800
54399|1|77.9000
54401|1|18.5200
54407|1|23.0100
54408|1|14.7800
54409|1|55.9200
54411|1|41.5900
54412|1|29.9300
54413|1|5.2600
54415|1|5.2600
54416|1|46.8700
54417|1|5.2600
54418|1|5.2600
54419|1|23.0100
54420|1|411.0200
54421|1|79.2100
54422|1|139.8200
54423|1|33.2175
54424|1|33.2200
54425|1|33.2200
54426|1|21.6075
54427|1|21.6100
54428|1|21.6100
54429|1|37.1900
54430|1|51.3400
54431|1|32.1300
54432|1|36.2000
54433|1|65.5000
54439|1|223.3819
54440|1|223.3819
54441|1|223.3819
54442|1|10.3845
54443|1|13.7403
54444|1|19.4484
54450|1|14.9744
54451|1|14.9744
54452|1|14.9744
54453|1|39.2700
54454|1|39.2700
54458|1|56.8900
54459|1|91.4200
54460|1|56.8900
54461|1|56.8900
54462|1|91.4200
54463|1|38.8300
54464|1|38.8300
54465|1|21.9600
54466|1|34.4300
54467|1|21.9600
54468|1|22.7600
54469|1|22.7600
54470|1|38.9500
54471|1|38.9500
54472|1|22.7600
54473|1|35.8100
54474|1|18.6300
54475|1|32.3800
54476|1|28.7300
54477|1|4.0214
54478|1|3.2200
54479|1|3.2200
54480|1|3.5000
54481|1|3.5000
54482|1|3.5000
54483|1|3.5000
54485|1|5.0100
54488|1|46.4000
54492|1|43.2100
54494|1|71.4900
54495|1|37.6000
54496|1|37.6000
54497|1|71.4900
54499|1|71.4900
54501|1|37.6000
54502|1|71.4900
54503|1|63.2600
54504|1|52.7600
54505|1|46.7300
54506|1|69.8300
54507|1|17.1100
54508|1|37.1700
54509|1|37.1700
54515|1|20.1400
54516|1|34.7300
54517|1|7.6400
54518|1|7.6400
54519|1|7.6400
54520|1|52.0900
54521|1|52.0900
54524|1|82.1300
54525|1|38.8300
54526|1|38.8300
54527|1|24.9500
54528|1|38.9400
54529|1|38.9400
54531|1|39.0600
54534|1|0.0100
54535|1|0.0100
54536|1|10.9862
54537|1|0.0100
54538|1|22.6000
54542|1|7.3872
54546|1|24.4719
54547|1|33.2608
54548|1|33.2608
54549|1|43.2390
54550|1|52.9552
54551|1|62.2581
54552|1|93.1906
54553|1|65.5137
54554|1|47.3411
54555|1|33.2608
54557|1|43.3399
54559|1|126.9957
54561|1|13.8083
54562|1|86.6796
54563|1|33.4221
54564|1|58.0452
54565|1|26.6388
54566|1|26.6388
54567|1|86.6796
54568|1|13.6067
54569|1|63.6994
54571|1|9.4701
54577|1|141.8800
54581|1|0.0106
54582|1|4.0214
54583|1|3.2200
54585|1|173.2400
54586|1|223.8171
54587|1|173.2400
54589|1|1.2700
54590|1|55.8200
54591|1|95.9700
54592|1|57.4000
54593|1|12.3000
54597|1|7.0338
54598|1|53.2600
54599|1|9.7000
54600|1|56.9500
54601|1|56.9500
54602|1|56.9500
54603|1|56.9500
54605|1|2.7100
54606|1|0.4800
54607|1|3.4100
54608|1|3.4500
54610|1|3.4500
54614|1|4.1500
54615|1|54.4400
54620|1|0.0100
54621|1|0.0100
54622|1|0.0100
54623|1|0.0100
54624|1|0.0100
54625|1|0.0100
54626|1|0.0100
54627|1|0.0100
54628|1|0.0100
54629|1|0.0100
54630|1|0.0100
54631|1|0.0100
54632|1|0.0100
54633|1|0.0100
54634|1|36.6500
54639|1|26.0900
54640|1|43.4500
54641|1|17.8300
54642|1|17.8300
54643|1|17.8300
54644|1|17.8300
54645|1|66.6600
54646|1|66.6600
54647|1|66.6600
54649|1|8.5400
54683|1|25.1000
54685|1|25.1000
54687|1|33.6800
54692|1|82.9000
54694|1|76.2400
54697|1|27.2300
54698|1|21.8600
54700|1|47.7900
54701|1|48.9900
54707|1|77.1800
54708|1|0.0125
54709|1|188.4200
54711|1|29.8400
54712|1|34.1600
54713|1|33.9400
54714|1|188.4200
54715|1|266.7400
54733|1|1.5800
54739|1|94.3700
54741|1|33.9400
54749|1|36.9600
54757|1|33.6100
54762|1|232.4700
54764|1|141.8800
54766|1|26.8200
54769|1|62.4300
54772|1|89.6900
54773|1|0.0100
54775|1|29.8300
54777|1|38.1100
54781|1|4.0700
54785|1|36.9600
54788|1|30.5800
54789|1|36.9600
54790|1|30.5800
54791|1|3.1400
54792|1|9.0300
54793|1|15.2000
54794|1|138.9500
54795|1|138.9500
54796|1|0.0100
54797|1|5.6200
54799|1|16.1000
54800|1|26.6500
54801|1|8.2300
54802|1|24.1500
54804|1|40.0700
54806|1|43.2277
54813|1|0.0110
54814|1|0.0110
54816|1|22.7600
54817|1|3.2700
54818|1|4.0214
54819|1|4.0214
54820|1|3.2500
54822|1|26.7200
54823|1|0.0100
54829|1|243.6000
54831|1|315.0000
54835|1|49.4700
54836|1|49.4700
54837|1|49.4700
54838|1|47.1500
54839|1|47.1500
54840|1|47.1500
54841|1|38.1100
54842|1|38.1100
54844|1|20.7400
54845|1|20.7400
54858|1|23.0500
54859|1|19.5900
54861|1|19.5900
54862|1|19.5900
54863|1|19.5900
54865|1|11.7300
54867|1|173.2400
54869|1|24.1900
54870|1|60.2900
54872|1|13.1400
54874|1|1.9700
54878|1|0.0100
54883|1|19.5900
54884|1|74.7800
54886|1|0.0100
54887|1|0.0100
54888|1|0.0100
54889|1|0.0100
54890|1|0.0100
54891|1|0.0100
54892|1|0.0100
54893|1|0.0100
54894|1|0.0100
54895|1|0.0100
54896|1|0.0100
54897|1|0.0100
54901|1|39.1800
54902|1|23.3300
54903|1|70.5600
54904|1|70.5600
54905|1|2.8425
54906|1|4.6853
54907|1|2.8425
54911|1|32.5900
54912|1|32.5885
54913|1|32.5885
54914|1|32.5885
54916|1|58.9484
54917|1|58.9484
54918|1|58.9484
54919|1|58.9484
54920|1|58.9484
54921|1|58.9484
54922|1|2.0600
54925|1|223.8200
54926|1|173.2400
54927|1|89.8100
54928|1|89.8100
54949|1|28.8500
54950|1|28.8500
54951|1|28.8500
54952|1|37.1700
54953|1|37.1700
54957|1|58.3800
54958|1|58.3800
54959|1|58.3800
54960|1|58.3800
54961|1|58.3800
54962|1|74.7800
54963|1|61.3600
54965|1|82.9100
54967|1|0.0100
54968|1|11.7300
54969|1|23.4000
54970|1|57.9600
54977|1|77.3000
54980|1|115.4100
54981|1|115.4100
54982|1|12.9700
54984|1|90.1300
54985|1|90.1300
54987|1|9.5181
54989|1|74.7800
54994|1|13.1565
54995|1|9.9645
54998|1|52.2900
54999|1|52.2900
55002|1|52.2900
55003|1|44.3000
55016|1|24.2900
55019|1|199.9900
55021|1|199.9900
55022|1|199.9900
55023|1|199.9900
55024|1|199.9900
55025|1|199.9900
55027|1|199.9900
55028|1|199.9900
55029|1|74.7800
55030|1|199.9900
55031|1|199.9900
55032|1|199.9900
55033|1|199.9900
55034|1|199.9900
55035|1|199.9900
55036|1|199.9900
55037|1|199.9900
55038|1|199.9900
55039|1|199.9900
55040|1|199.9900
55041|1|199.9900
55042|1|199.9900
55043|1|199.9900
55046|1|16.1500
55049|1|18.8400
55051|1|153.7400
55064|1|12.6500
55070|1|35.7100
55072|1|7.7500
55073|1|11.9600
55074|1|4.9900
55075|1|0.0100
55076|1|0.0100
55078|1|0.0100
55079|1|0.0100
55080|1|0.0100
55082|1|0.0100
55084|1|91.2100
55088|1|29.5100
55089|1|29.5100
55090|1|29.5100
55094|1|66.6600
55096|1|11.9200
55105|1|63.5600
55107|1|16.2300
55108|1|13.9600
55109|1|13.9600
55110|1|11.3300
55111|1|35.7100
55114|1|121.2900
55115|1|14.0100
55116|1|16.2300
55119|1|14.0100
55129|1|7.3400
55131|1|209.8700
55132|1|59.0200
55133|1|59.0200
55134|1|63.5600
55135|1|3.2700
55138|1|1.2900
55141|1|1.9300
55143|1|223.8200
55144|1|173.2400
55145|1|0.0107
55147|1|74.7800
55152|1|14.0100
55157|1|102.9600
55159|1|122.0900
55160|1|73.6700
55161|1|106.4600
55162|1|100.0400
55164|1|188.4218
55165|1|188.4218
55168|1|99.9800
55169|1|0.7200
55170|1|0.0100
55171|1|0.0100
55172|1|0.0100
55173|1|45.9795
55174|1|96.1590
55175|1|56.5845
55176|1|68.5545
55177|1|118.9440
55178|1|68.5545
55179|1|50.8725
55180|1|40.2500
55181|1|48.6700
55182|1|48.6700
55183|1|28.1100
55184|1|22.0100
55186|1|22.0100
55187|1|22.0100
55188|1|25.0000
55189|1|25.0000
55191|1|25.0000
55193|1|25.0000
55194|1|25.0000
55198|1|79.6400
55200|1|107.3400
55201|1|93.3800
55202|1|0.1063
55203|1|574.6800
55205|1|91.3700
55206|1|91.3700
55210|1|41.5300
55213|1|11.7300
55214|1|11.7300
55215|1|11.7300
55218|1|3.5102
55219|1|34.1400
55220|1|6.9300
55224|1|44.7100
55225|1|0.0100
55226|1|0.0100
55240|1|32.6900
55242|1|5.7400
55243|1|21.6900
55244|1|21.6900
55245|1|16.4714
55246|1|16.4714
55247|1|12.6725
55248|1|16.3107
55249|1|12.6725
55250|1|18.2385
55251|1|10.1871
55252|1|12.6725
55253|1|14.2128
55254|1|16.4165
55255|1|7.4588
55256|1|20.6516
55257|1|20.6516
55258|1|20.6516
55259|1|19.1255
55260|1|29.7809
55261|1|29.9796
55262|1|8.6279
55263|1|12.8331
55268|1|172.8600
55269|1|23.1400
55270|1|25.8900
55271|1|22.2300
55272|1|22.0100
55274|1|22.0100
55275|1|23.8762
55276|1|22.0100
55277|1|22.0100
55278|1|22.0100
55279|1|31.0000
55280|1|31.0000
55285|1|29.9080
55291|1|40.7600
55293|1|223.8200
55294|1|302.4800
55295|1|35.9300
55298|1|7.3605
55299|1|19.3694
55300|1|35.5692
55301|1|36.7070
55302|1|19.3423
55303|1|8.8313
55305|1|29.9080
55306|1|29.9080
55309|1|28.1100
55310|1|28.1100
55311|1|37.4500
55312|1|37.4500
55313|1|32.7900
55314|1|22.2900
55315|1|32.7900
55316|1|32.7900
55317|1|96.4800
55321|1|17.9800
55322|1|18.2900
55326|1|93.3800
55327|1|172.8600
55328|1|75.1800
55329|1|23.4211
55333|1|4.8400
55334|1|3.2700
60010|1|76.6000
60011|1|76.6000
60012|1|76.6000
60013|1|76.6000
60645|1|130.5700
60971|1|87.6600
60972|1|334.9700
60973|1|135.6700
