wareh_id|prod_id|qty
0|20415|2
0|20431|2
0|20432|2
0|20439|2
0|20470|2
0|20476|2
0|20655|2
0|20701|2
0|20762|2
0|20795|2
0|20819|2
0|20848|2
0|20918|2
0|20924|2
0|20941|2
0|20950|2
0|20977|2
0|21035|2
0|21050|2
0|2130|2
0|21349|2
0|21351|2
0|21352|2
0|21353|2
0|21354|2
0|21355|2
0|21356|2
0|21358|2
0|21359|2
0|21360|2
0|21361|2
0|21363|2
0|21500|2
0|21824|2
0|21833|255
0|21901|2
0|21902|2
0|22077|2
0|22115|2
0|22126|2
0|22262|2
0|22331|2
0|22361|2
0|22607|2
0|22615|2
0|22667|2
0|22685|2
0|22686|2
0|22687|2
0|22725|2
0|22768|2
0|22773|2
0|22814|2
0|23286|2
0|23311|2
0|23337|2
0|23426|2
0|23473|2
0|23486|2
0|23789|2
0|23984|2
0|23985|2
0|24094|2
0|24129|2
0|24172|2
0|24201|2
0|24204|2
0|24208|2
0|24238|2
0|24263|2
0|24264|2
0|24383|2
0|24403|2
0|24465|2
0|24519|2
0|24650|2
0|24713|2
0|24741|2
0|24790|2
0|24821|2
0|24830|2
0|24831|2
0|24832|2
0|24926|2
0|24952|2
0|25121|2
0|25122|2
0|25126|2
0|25129|2
0|25300|2
0|25371|2
0|25409|2
0|25412|2
0|25414|2
0|25415|2
0|25420|2
0|25734|2
0|25772|2
0|25827|2
0|25834|2
0|25938|2
0|26083|2
0|26145|2
0|26212|2
0|26238|2
0|26257|2
0|26313|2
0|26348|2
0|26354|2
0|26379|2
0|26389|2
0|26413|2
0|26465|2
0|26587|2
0|26588|2
0|26589|2
0|26599|2
0|26603|2
0|26611|2
0|26616|2
0|26617|2
0|26656|2
0|26789|2
0|26818|2
0|26900|2
0|26902|2
0|26912|2
0|26913|2
0|26977|2
0|27079|2
0|27171|2
0|27240|2
0|27254|2
0|27274|2
0|27281|2
0|27310|2
0|27328|2
0|27337|2
0|27370|2
0|27398|2
0|27399|2
0|27400|2
0|27403|2
0|27502|2
0|27505|2
0|27508|2
0|27509|2
0|27510|2
0|27624|2
0|27653|2
0|27666|2
0|27816|2
0|27833|2
0|27889|2
0|27901|2
0|27911|2
0|27924|2
0|27934|2
0|27972|2
0|27983|2
0|28033|2
0|28063|2
0|28119|2
0|28122|2
0|28123|2
0|28137|2
0|28140|2
0|28141|2
0|28142|2
0|28164|2
0|28174|2
0|28199|2
0|28243|2
0|28245|2
0|28247|2
0|28281|2
0|28282|2
0|28283|2
0|28284|2
0|28288|2
0|28289|2
0|28290|2
0|28294|2
0|28295|2
0|28296|2
0|28297|2
0|28300|2
0|28301|2
0|28302|2
0|28304|2
0|28305|2
0|28306|2
0|28307|2
0|28308|2
0|28310|2
0|28311|2
0|28317|2
0|28318|2
0|28321|2
0|28322|2
0|28323|2
0|28325|2
0|28326|2
0|28327|2
0|28329|2
0|28335|2
0|28356|2
0|28448|2
0|28450|2
0|28451|2
0|28474|2
0|28478|2
0|28479|2
0|28480|2
0|28481|2
0|28482|2
0|28483|2
0|28511|2
0|28512|2
0|28514|2
0|28526|2
0|28529|2
0|28530|2
0|28592|2
0|28593|2
0|28608|2
0|28610|2
0|28611|2
0|28619|2
0|28659|2
0|28671|2
0|28672|2
0|28789|2
0|28790|2
0|28928|2
0|28949|2
0|28963|2
0|28971|2
0|28979|2
0|28983|2
0|28985|2
0|29008|2
0|29042|2
0|29044|2
0|29051|2
0|29052|2
0|29151|2
0|29169|2
0|29188|2
0|29205|2
0|29280|2
0|29286|2
0|29315|2
0|29326|2
0|29327|2
0|29344|2
0|29416|2
0|29445|2
0|29446|2
0|29447|2
0|29448|2
0|29453|2
0|29454|2
0|29455|2
0|29458|2
0|29459|2
0|29460|2
0|29463|2
0|29464|2
0|29512|2
0|29533|2
0|29543|2
0|29545|2
0|29557|2
0|29564|2
0|29573|2
0|29665|2
0|29669|2
0|29750|2
0|29759|2
0|29768|2
0|29771|2
0|29790|2
0|29791|2
0|29822|2
0|29860|2
0|29861|2
0|29881|2
0|29883|2
0|29888|2
0|29892|2
0|29902|2
0|29942|2
0|30116|2
0|30169|2
0|30175|2
0|30187|2
0|30213|2
0|30253|2
0|30266|2
0|30295|2
0|30297|2
0|30331|2
0|30383|2
0|30384|2
0|30385|2
0|30387|2
0|30414|2
0|30455|2
0|30495|2
0|30503|2
0|30504|2
0|30536|2
0|30537|2
0|30565|2
0|30670|2
0|30732|2
0|30758|2
0|30760|2
0|30762|2
0|30763|2
0|30765|2
0|30766|2
0|30767|2
0|30768|2
0|30769|2
0|30770|2
0|30771|2
0|30783|2
0|30823|2
0|30828|2
0|30849|2
0|30913|2
0|30965|2
0|30966|2
0|31001|2
0|31003|2
0|31046|2
0|31056|2
0|31092|2
0|31094|2
0|31131|2
0|31217|2
0|31299|2
0|31325|2
0|31331|2
0|31340|2
0|31371|2
0|31435|2
0|31447|2
0|31628|2
0|31629|2
0|31735|2
0|31743|2
0|31773|2
0|31779|2
0|31819|2
0|31821|2
0|31823|2
0|31840|2
0|31848|2
0|31854|2
0|31878|2
0|31879|2
0|31881|2
0|31883|2
0|31981|2
0|32001|2
0|32007|2
0|32011|2
0|32030|2
0|32041|2
0|32045|2
0|32046|2
0|32055|2
0|32063|2
0|32080|2
0|32093|2
0|32135|2
0|32169|2
0|32247|2
0|32250|2
0|32252|2
0|32253|2
0|32272|2
0|32273|2
0|32274|2
0|32307|2
0|32308|2
0|32313|2
0|32320|2
0|32352|2
0|32353|2
0|32382|2
0|32408|2
0|32471|2
0|32478|2
0|32539|2
0|32559|2
0|32564|2
0|32565|2
0|32572|2
0|32583|2
0|32597|2
0|32639|2
0|32644|2
0|32646|2
0|32703|2
0|32704|2
0|32723|2
0|32730|2
0|32754|2
0|32778|2
0|32780|2
0|32817|2
0|32833|2
0|32961|2
0|32973|2
0|32991|2
0|32992|2
0|32993|2
0|32994|2
0|33062|2
0|33126|2
0|33127|2
0|33155|2
0|33187|2
0|33208|2
0|33209|2
0|33210|2
0|33211|2
0|33212|2
0|33221|2
0|33229|2
0|33270|2
0|33271|2
0|33273|2
0|33274|2
0|33277|2
0|33366|2
0|33377|2
0|33378|2
0|33379|2
0|33389|2
0|33398|2
0|33438|2
0|33440|2
0|33456|2
0|33476|2
0|33482|2
0|33698|2
0|33705|2
0|33772|2
0|33844|2
0|33900|2
0|33928|2
0|33952|2
0|33959|2
0|33987|2
0|33992|2
0|34023|2
0|34040|2
0|34048|2
0|34109|2
0|34130|2
0|34131|2
0|34163|2
0|34165|2
0|34261|2
0|34278|2
0|34293|2
0|34300|2
0|34301|2
0|34302|2
0|34344|2
0|34356|2
0|34372|2
0|34380|2
0|34381|2
0|34401|2
0|34407|2
0|34408|2
0|34413|2
0|34416|2
0|34417|2
0|34446|2
0|34454|2
0|34474|2
0|34475|2
0|34479|2
0|34490|2
0|34491|2
0|34496|2
0|34499|2
0|34502|2
0|34622|2
0|34634|2
0|34664|2
0|34671|2
0|34720|2
0|34721|2
0|34722|2
0|34723|2
0|34724|2
0|34730|2
0|34739|2
0|34740|2
0|34742|2
0|34743|2
0|34746|2
0|34749|2
0|34750|2
0|34751|2
0|34754|2
0|34755|2
0|34756|2
0|34757|2
0|34759|2
0|34760|2
0|34761|2
0|34801|2
0|34875|2
0|34891|2
0|34908|2
0|34909|2
0|34912|2
0|35047|2
0|35054|2
0|35055|2
0|35056|2
0|35057|2
0|35061|2
0|35062|2
0|35083|2
0|35136|2
0|35138|2
0|35169|2
0|35208|2
0|35209|2
0|35258|2
0|35273|2
0|35274|2
0|35275|2
0|35288|2
0|35290|2
0|35297|2
0|35316|2
0|35322|2
0|35331|2
0|35343|2
0|35379|2
0|35384|2
0|35393|2
0|35398|2
0|35429|2
0|35435|2
0|35436|2
0|35438|2
0|35439|2
0|35440|2
0|35441|2
0|35443|2
0|35447|2
0|35492|2
0|35497|2
0|35499|2
0|35556|2
0|35559|2
0|35560|2
0|35570|2
0|35614|2
0|35618|2
0|35620|2
0|35661|2
0|35670|2
0|35671|2
0|35672|2
0|35673|2
0|35674|2
0|35675|2
0|35676|2
0|35684|2
0|35685|2
0|35726|2
0|35728|2
0|35730|2
0|35736|2
0|35738|2
0|35750|2
0|35751|2
0|35754|2
0|35757|2
0|35779|2
0|35780|2
0|35781|2
0|35782|2
0|35783|2
0|35784|2
0|35785|2
0|35786|2
0|35787|2
0|35831|2
0|35905|2
0|35906|2
0|35944|2
0|35945|2
0|35946|2
0|35976|2
0|35983|2
0|35990|2
0|35991|2
0|36007|2
0|36033|2
0|36034|2
0|36035|2
0|36036|2
0|36096|2
0|36097|2
0|36098|2
0|36099|2
0|36125|2
0|36133|2
0|36134|2
0|36152|2
0|36161|2
0|36166|2
0|36169|2
0|36170|2
0|36173|2
0|36174|2
0|36215|2
0|36216|2
0|36219|2
0|36346|2
0|36374|2
0|36375|2
0|36421|2
0|36440|2
0|36447|2
0|36466|2
0|36489|2
0|36490|2
0|36491|2
0|36492|2
0|36493|2
0|36502|2
0|36586|2
0|36600|2
0|36613|2
0|36626|2
0|36629|2
0|36630|2
0|36651|2
0|36658|2
0|36660|2
0|36663|2
0|36668|2
0|36670|2
0|36671|2
0|36682|2
0|36686|2
0|36687|2
0|36690|2
0|36692|2
0|36695|2
0|36696|2
0|36697|2
0|36752|2
0|36758|2
0|36783|2
0|36952|2
0|36953|2
0|36971|2
0|36973|2
0|36975|2
0|36995|2
0|37007|2
0|37012|2
0|37048|2
0|37064|2
0|37070|2
0|37071|2
0|37104|2
0|37128|2
0|37155|2
0|37156|2
0|37157|2
0|37173|2
0|37176|2
0|37209|2
0|37225|2
0|37226|2
0|37259|2
0|37260|2
0|37280|2
0|37309|2
0|37315|2
0|37411|2
0|37425|2
0|37426|2
0|37454|2
0|37462|2
0|37478|2
0|37479|2
0|37529|2
0|37605|2
0|37606|2
0|37607|2
0|37612|2
0|37619|2
0|37622|2
0|37646|2
0|37651|2
0|37657|2
0|37661|2
0|37662|2
0|37681|2
0|37682|2
0|37709|2
0|37710|2
0|37760|2
0|37766|2
0|37786|2
0|37794|2
0|37795|2
0|37797|2
0|37902|2
0|37921|2
0|37922|2
0|37927|2
0|37928|2
0|37933|2
0|37989|2
0|37995|2
0|38020|2
0|38028|2
0|38076|2
0|38077|2
0|38296|2
0|38298|2
0|38316|2
0|38317|2
0|38318|2
0|38319|2
0|38320|2
0|38321|2
0|38322|2
0|38323|2
0|38324|2
0|38325|2
0|38326|2
0|38334|2
0|38391|2
0|38431|2
0|38432|2
0|38448|2
0|38449|2
0|38450|2
0|38453|2
0|38552|2
0|38553|2
0|38564|2
0|38584|2
0|38585|2
0|38618|2
0|38677|2
0|38719|2
0|38720|2
0|38749|2
0|38762|2
0|38779|2
0|38788|2
0|38822|2
0|38855|2
0|38868|2
0|38876|2
0|38877|2
0|38882|2
0|38884|2
0|38910|2
0|38937|2
0|38940|2
0|38994|2
0|39003|2
0|39006|2
0|39007|2
0|39011|2
0|39015|2
0|39019|2
0|39022|2
0|39028|2
0|39049|2
0|39051|2
0|39063|2
0|39093|2
0|39100|2
0|39122|2
0|39130|2
0|39131|2
0|39132|2
0|39137|2
0|39230|2
0|39232|2
0|39233|2
0|39276|2
0|39285|2
0|39288|2
0|39307|2
0|39308|2
0|39309|2
0|39332|2
0|39334|2
0|39340|2
0|39344|2
0|39345|2
0|39362|2
0|39366|2
0|39386|2
0|39390|2
0|39394|2
0|39395|2
0|39396|2
0|39460|2
0|39501|2
0|39502|2
0|39518|2
0|39527|2
0|39555|2
0|39567|2
0|39595|2
0|39609|2
0|39611|2
0|39619|2
0|39623|2
0|39637|2
0|39639|2
0|39641|2
0|39642|2
0|39643|2
0|39648|2
0|39654|2
0|39658|2
0|39660|2
0|39663|2
0|39667|2
0|39672|2
0|39680|2
0|39687|2
0|39700|2
0|39701|2
0|39703|2
0|39704|2
0|39705|2
0|39709|2
0|39711|2
0|39713|2
0|39714|2
0|39715|2
0|39717|2
0|39718|2
0|39719|2
0|39720|2
0|39721|2
0|39723|2
0|39724|2
0|39725|2
0|39726|2
0|39727|2
0|39728|2
0|39729|2
0|39730|2
0|39731|2
0|39740|2
0|39747|2
0|39756|2
0|39759|2
0|39767|2
0|39768|2
0|39837|2
0|39838|2
0|39848|2
0|39881|2
0|39883|2
0|39884|2
0|39885|2
0|39886|2
0|39887|2
0|39889|2
0|39890|2
0|39892|2
0|39893|2
0|39894|2
0|39897|2
0|39898|2
0|39899|2
0|39901|2
0|39902|2
0|39904|2
0|39905|2
0|39906|2
0|39920|2
0|39930|2
0|39950|2
0|39970|2
0|39971|2
0|39999|2
0|40012|2
0|40017|2
0|40021|2
0|40026|2
0|40050|2
0|40105|2
0|40117|2
0|40162|2
0|40163|2
0|40169|2
0|40171|2
0|40176|2
0|40178|2
0|40179|2
0|40180|2
0|40181|2
0|40182|2
0|40185|2
0|40186|2
0|40187|2
0|40189|2
0|40191|2
0|40192|2
0|40193|2
0|40199|2
0|40201|2
0|40202|2
0|40203|2
0|40204|2
0|40218|2
0|40219|2
0|40221|2
0|40228|2
0|40235|2
0|40237|2
0|40247|2
0|40265|2
0|40266|2
0|40267|2
0|40275|2
0|40276|2
0|40292|2
0|40294|2
0|40295|2
0|40296|2
0|40298|2
0|40299|2
0|40311|2
0|40319|2
0|40321|2
0|40322|2
0|40324|2
0|40351|2
0|40358|2
0|40372|2
0|40388|2
0|40390|2
0|40402|2
0|40403|2
0|40405|2
0|40417|2
0|40423|2
0|40430|2
0|40432|2
0|40436|2
0|40438|2
0|40450|2
0|40455|2
0|40465|2
0|40466|2
0|40467|2
0|40470|2
0|40472|2
0|40473|2
0|40481|2
0|40482|2
0|40484|2
0|40490|2
0|40500|2
0|40501|2
0|40512|2
0|40520|2
0|40523|2
0|40529|2
0|40555|2
0|40556|2
0|40564|2
0|40565|2
0|40566|2
0|40571|2
0|40572|2
0|40576|2
0|40578|2
0|40580|2
0|40584|2
0|40586|2
0|40593|2
0|40596|2
0|40599|2
0|40605|2
0|40607|2
0|40612|2
0|40615|2
0|40616|2
0|40655|2
0|40666|2
0|40670|2
0|40673|2
0|40682|2
0|40698|2
0|40699|2
0|40700|2
0|40701|2
0|40708|2
0|40709|2
0|40713|2
0|40714|2
0|40718|2
0|40731|2
0|40732|2
0|40733|2
0|40734|2
0|40747|2
0|40748|2
0|40749|2
0|40754|2
0|40755|2
0|40767|2
0|40804|2
0|40809|2
0|40811|2
0|40812|2
0|40829|2
0|40834|2
0|40837|2
0|40841|2
0|40842|2
0|40859|2
0|40860|2
0|40864|2
0|40871|2
0|40875|2
0|40880|2
0|40881|2
0|40882|2
0|40884|2
0|40885|2
0|40888|2
0|40905|2
0|40908|2
0|40919|2
0|41006|2
0|41014|2
0|41026|2
0|41035|2
0|41036|2
0|41069|2
0|41072|2
0|41074|2
0|41084|2
0|41086|2
0|41087|2
0|41093|2
0|41094|2
0|41095|2
0|41097|2
0|41105|2
0|41107|2
0|41115|2
0|41118|2
0|41120|2
0|41123|2
0|41128|2
0|41129|2
0|41141|2
0|41142|2
0|41145|2
0|41146|2
0|41149|2
0|41153|2
0|41159|2
0|41160|2
0|41161|2
0|41165|2
0|41170|2
0|41171|2
0|41205|2
0|41210|2
0|41213|2
0|41217|2
0|41222|2
0|41230|2
0|41236|2
0|41237|2
0|41238|2
0|41239|2
0|41240|2
0|41241|2
0|41242|2
0|41243|2
0|41244|2
0|41245|2
0|41246|2
0|41247|2
0|41248|2
0|41249|2
0|41250|2
0|41251|2
0|41252|2
0|41253|2
0|41254|2
0|41260|2
0|41271|2
0|41281|2
0|41282|2
0|41290|2
0|41295|2
0|41307|2
0|41308|2
0|41310|2
0|41318|2
0|41331|2
0|41338|2
0|41339|2
0|41340|2
0|41343|2
0|41350|2
0|41352|2
0|41353|2
0|41354|2
0|41357|2
0|41358|2
0|41359|2
0|41366|2
0|41368|2
0|41370|2
0|41374|2
0|41375|2
0|41379|2
0|41383|2
0|41384|2
0|41386|2
0|41390|2
0|41393|2
0|41395|2
0|41404|2
0|41405|2
0|41406|2
0|41413|2
0|41416|2
0|41417|2
0|41418|2
0|41420|2
0|41421|2
0|41424|2
0|41428|2
0|41429|2
0|41437|2
0|41445|2
0|41446|2
0|41448|2
0|41449|2
0|41450|2
0|41454|2
0|41457|2
0|41468|2
0|41469|2
0|41471|2
0|41472|2
0|41488|2
0|41500|2
0|41510|2
0|41514|2
0|41515|2
0|41517|2
0|41551|2
0|41552|2
0|41554|2
0|41558|2
0|41559|2
0|41560|2
0|41576|2
0|41577|2
0|41579|2
0|41586|2
0|41594|2
0|41609|2
0|41610|2
0|41624|2
0|41632|2
0|41633|2
0|41665|2
0|41699|2
0|41700|2
0|41707|2
0|41714|2
0|41728|2
0|41736|2
0|41743|2
0|41746|2
0|41756|2
0|41757|2
0|41762|2
0|41769|2
0|41771|2
0|41772|2
0|41773|2
0|41785|2
0|41786|2
0|41787|2
0|41788|2
0|41789|2
0|41790|2
0|41794|2
0|41795|2
0|41796|2
0|41797|2
0|41798|2
0|41802|2
0|41819|2
0|41824|2
0|41825|2
0|41831|2
0|41837|2
0|41895|2
0|41906|2
0|41908|2
0|41918|2
0|41923|2
0|41955|2
0|41956|2
0|41957|2
0|41958|2
0|41960|2
0|41962|2
0|41968|2
0|41982|2
0|41988|2
0|42001|2
0|42008|2
0|42010|2
0|42021|2
0|42052|2
0|42053|2
0|42054|2
0|42059|2
0|42067|2
0|42075|2
0|42077|2
0|42082|2
0|42101|2
0|42117|2
0|42125|2
0|42132|2
0|42133|2
0|42148|2
0|42150|2
0|42153|2
0|42167|2
0|42170|2
0|42172|2
0|42175|2
0|42261|2
0|42275|2
0|42289|2
0|42290|2
0|42319|2
0|42335|2
0|42371|2
0|42381|2
0|42388|2
0|42389|2
0|42390|2
0|42391|2
0|42401|2
0|42404|2
0|42405|2
0|42406|2
0|42411|2
0|42412|2
0|42413|2
0|42414|2
0|42416|2
0|42417|2
0|42419|2
0|42432|2
0|42492|2
0|42495|2
0|42497|2
0|42515|2
0|42516|2
0|42517|2
0|42518|2
0|42519|2
0|42520|2
0|42521|2
0|42522|2
0|42523|2
0|42524|2
0|42525|2
0|42526|2
0|42527|2
0|42528|2
0|42529|2
0|42556|2
0|42560|2
0|42606|2
0|42607|2
0|42630|2
0|42632|2
0|42638|2
0|42639|2
0|42640|2
0|42641|2
0|42642|2
0|42646|2
0|42648|2
0|42649|2
0|42650|2
0|42652|2
0|42653|2
0|42654|2
0|42655|2
0|42656|2
0|42690|2
0|42696|2
0|42715|2
0|42717|2
0|42724|2
0|42728|2
0|42734|2
0|42739|2
0|42748|2
0|42749|2
0|42750|2
0|42763|2
0|42764|2
0|42767|2
0|42787|2
0|42788|2
0|42789|2
0|42804|2
0|42806|2
0|42807|2
0|42808|2
0|42809|2
0|42815|2
0|42832|2
0|42873|2
0|42874|2
0|42875|2
0|42877|2
0|42878|2
0|42886|2
0|42887|2
0|42889|2
0|42891|2
0|42892|2
0|42898|2
0|42900|2
0|42901|2
0|42902|2
0|42903|2
0|42904|2
0|42905|2
0|42906|2
0|42907|2
0|42908|2
0|42909|2
0|42910|2
0|42911|2
0|42912|2
0|42914|2
0|42915|2
0|42916|2
0|42917|2
0|42918|2
0|42919|2
0|42920|2
0|42921|2
0|42922|2
0|42923|2
0|42949|2
0|42950|2
0|42954|2
0|42962|2
0|42966|2
0|42980|2
0|42981|2
0|42998|2
0|43002|2
0|43003|2
0|43006|2
0|43042|2
0|43045|2
0|43051|2
0|43052|2
0|43053|2
0|43054|2
0|43055|2
0|43059|2
0|43086|2
0|43098|2
0|43106|2
0|43109|2
0|43133|2
0|43135|2
0|43137|2
0|43181|2
0|43201|2
0|43203|2
0|43207|2
0|43209|2
0|43211|2
0|43212|2
0|43214|2
0|43215|2
0|43216|2
0|43219|2
0|43220|2
0|43235|2
0|43236|2
0|43237|2
0|43239|2
0|43244|2
0|43253|2
0|43254|2
0|43255|2
0|43257|2
0|43265|2
0|43267|2
0|43268|2
0|43269|2
0|43271|2
0|43282|2
0|43283|2
0|43284|2
0|43287|2
0|43288|2
0|43291|2
0|43315|2
0|43316|2
0|43318|2
0|43328|2
0|43334|2
0|43349|2
0|43350|2
0|43351|2
0|43377|2
0|43380|2
0|43382|2
0|43388|2
0|43463|2
0|43505|2
0|43506|2
0|43510|2
0|43511|2
0|43545|2
0|43556|2
0|43564|2
0|43565|2
0|43566|2
0|43567|2
0|43568|2
0|43569|2
0|43573|2
0|43588|2
0|43590|2
0|43595|2
0|43603|2
0|43607|2
0|43623|2
0|43633|2
0|43634|2
0|43636|2
0|43637|2
0|43638|2
0|43639|2
0|43640|2
0|43641|2
0|43642|2
0|43644|2
0|43645|2
0|43646|2
0|43647|2
0|43648|2
0|43649|2
0|43650|2
0|43651|2
0|43653|2
0|43654|2
0|43655|2
0|43656|2
0|43657|2
0|43658|2
0|43659|2
0|43660|2
0|43672|2
0|43673|2
0|43757|2
0|43762|2
0|43778|2
0|43781|2
0|43816|2
0|43822|2
0|43837|2
0|43838|2
0|43850|2
0|43851|2
0|43852|2
0|43853|2
0|43854|2
0|43861|2
0|43862|2
0|43863|2
0|43864|2
0|43865|2
0|43867|2
0|43880|2
0|43886|2
0|43904|2
0|43905|2
0|43906|2
0|43924|2
0|43953|2
0|43956|2
0|43957|2
0|43958|2
0|43960|2
0|43962|2
0|43963|2
0|43964|2
0|43965|2
0|43966|2
0|43967|2
0|43976|2
0|43983|2
0|43984|2
0|43989|2
0|43990|2
0|43993|2
0|43994|2
0|43997|2
0|43998|2
0|43999|2
0|44003|2
0|44007|2
0|44008|2
0|44033|2
0|44037|2
0|44039|2
0|44042|2
0|44055|2
0|44062|2
0|44064|2
0|44070|2
0|44071|2
0|44072|2
0|44073|2
0|44075|2
0|44079|2
0|44080|2
0|44092|2
0|44093|2
0|44115|2
0|44116|2
0|44120|2
0|44130|2
0|44131|2
0|44133|2
0|44135|2
0|44136|2
0|44137|2
0|44138|2
0|44140|2
0|44142|2
0|44143|2
0|44144|2
0|44147|2
0|44148|2
0|44153|2
0|44154|2
0|44157|2
0|44161|2
0|44162|2
0|44163|2
0|44164|2
0|44165|2
0|44169|2
0|44171|2
0|44172|2
0|44192|2
0|44196|2
0|44200|2
0|44203|2
0|44204|2
0|44207|2
0|44208|2
0|44209|2
0|44210|2
0|44220|2
0|44225|2
0|44226|2
0|44230|2
0|44233|2
0|44234|2
0|44235|2
0|44236|2
0|44237|2
0|44239|2
0|44240|2
0|44241|2
0|44242|2
0|44246|2
0|44247|2
0|44248|2
0|44249|2
0|44258|2
0|44266|2
0|44274|2
0|44313|2
0|44316|2
0|44341|2
0|44353|2
0|44354|2
0|44373|2
0|44375|2
0|44376|2
0|44377|2
0|44378|2
0|44381|2
0|44383|2
0|44384|2
0|44385|2
0|44386|2
0|44392|2
0|44393|2
0|44400|2
0|44401|2
0|44402|2
0|44412|2
0|44419|2
0|44447|2
0|44449|2
0|44451|2
0|44452|2
0|44453|2
0|44454|2
0|44455|2
0|44456|2
0|44457|2
0|44460|2
0|44462|2
0|44463|2
0|44464|2
0|44470|2
0|44471|2
0|44472|2
0|44473|2
0|44483|2
0|44484|2
0|44499|2
0|44505|2
0|44527|2
0|44533|2
0|44540|2
0|44544|2
0|44555|2
0|44559|2
0|44560|2
0|44562|2
0|44563|2
0|44564|2
0|44595|2
0|44600|2
0|44608|2
0|44610|2
0|44611|2
0|44612|2
0|44618|2
0|44640|2
0|44669|2
0|44670|2
0|44671|2
0|44672|2
0|44673|2
0|44674|2
0|44675|2
0|44677|2
0|44679|2
0|44680|2
0|44681|2
0|44684|2
0|44686|2
0|44687|2
0|44688|2
0|44689|2
0|44690|2
0|44691|2
0|44692|2
0|44693|2
0|44695|2
0|44697|2
0|44698|2
0|44700|2
0|44709|2
0|44710|2
0|44711|2
0|44716|2
0|44724|2
0|44726|2
0|44741|2
0|44745|2
0|44746|2
0|44747|2
0|44762|2
0|44763|2
0|44770|2
0|44773|2
0|44776|2
0|44799|2
0|44801|2
0|44802|2
0|44804|2
0|44817|2
0|44818|2
0|44819|2
0|44824|2
0|44828|2
0|44829|2
0|44834|2
0|44836|2
0|44837|2
0|44838|2
0|44839|2
0|44849|2
0|44851|2
0|44852|2
0|44853|2
0|44856|2
0|44859|2
0|44860|2
0|44861|2
0|44862|2
0|44869|2
0|44871|2
0|44872|2
0|44873|2
0|44875|2
0|44880|2
0|44883|2
0|44886|2
0|44891|2
0|44893|2
0|44896|2
0|44899|2
0|44900|2
0|44901|2
0|44903|2
0|44907|2
0|44908|2
0|44930|2
0|44939|2
0|44945|2
0|44946|2
0|44952|2
0|44953|2
0|44954|2
0|44957|2
0|44958|2
0|44959|2
0|44960|2
0|44988|2
0|44992|2
0|44993|2
0|45006|2
0|45007|2
0|45009|2
0|45013|2
0|45015|2
0|45018|2
0|45030|2
0|45036|2
0|45040|2
0|45042|2
0|45052|2
0|45061|2
0|45064|2
0|45076|2
0|45093|2
0|45095|2
0|45096|2
0|45101|2
0|45102|2
0|45103|2
0|45123|2
0|45158|2
0|45164|2
0|45166|2
0|45167|2
0|45171|2
0|45173|2
0|45194|2
0|45197|2
0|45207|2
0|45209|2
0|45237|2
0|45243|2
0|45255|2
0|45292|2
0|45299|2
0|45302|2
0|45308|2
0|45310|2
0|45316|2
0|45317|2
0|45318|2
0|45319|2
0|45320|2
0|45321|2
0|45360|2
0|45361|2
0|45362|2
0|45364|2
0|45368|2
0|45378|2
0|45381|2
0|45387|2
0|45390|2
0|45391|2
0|45392|2
0|45460|2
0|45471|2
0|45473|2
0|45479|2
0|45480|2
0|45481|2
0|45482|2
0|45487|2
0|45494|2
0|45519|2
0|45523|2
0|45527|2
0|45531|2
0|45537|2
0|45538|2
0|45539|2
0|45541|2
0|45543|2
0|45550|2
0|45551|2
0|45552|2
0|45553|2
0|45555|2
0|45556|2
0|45559|2
0|45560|2
0|45562|2
0|45566|2
0|45569|2
0|45572|2
0|45573|2
0|45574|2
0|45575|2
0|45576|2
0|45579|2
0|45580|2
0|45582|2
0|45584|2
0|45590|2
0|45592|2
0|45639|2
0|45650|2
0|45651|2
0|45652|2
0|45653|2
0|45654|2
0|45656|2
0|45657|2
0|45707|2
0|45708|2
0|45711|2
0|45725|2
0|45732|2
0|45733|2
0|45734|2
0|45736|2
0|45738|2
0|45739|2
0|45740|2
0|45741|2
0|45742|2
0|45744|2
0|45745|2
0|45749|2
0|45750|2
0|45753|2
0|45754|2
0|45766|2
0|45772|2
0|45775|2
0|45776|2
0|45782|2
0|45786|2
0|45787|2
0|45807|2
0|45818|2
0|45933|2
0|45944|2
0|45946|2
0|45947|2
0|45958|2
0|45967|2
0|45984|2
0|46011|2
0|46013|2
0|46020|2
0|46048|2
0|46054|2
0|46056|2
0|46072|2
0|46073|2
0|46085|2
0|46086|2
0|46114|2
0|46116|2
0|46122|2
0|46123|2
0|46136|2
0|46146|2
0|46151|2
0|46156|2
0|46178|2
0|46182|2
0|46183|2
0|46185|2
0|46186|2
0|46187|2
0|46188|2
0|46189|2
0|46200|2
0|46202|2
0|46207|2
0|46215|2
0|46221|2
0|46223|2
0|46227|2
0|46243|2
0|46247|2
0|46268|2
0|46270|2
0|46271|2
0|46272|2
0|46275|2
0|46278|2
0|46283|2
0|46333|2
0|46351|2
0|46353|2
0|46355|2
0|46356|2
0|46358|2
0|46359|2
0|46360|2
0|46361|2
0|46365|2
0|46366|2
0|46376|2
0|46377|2
0|46379|2
0|46380|2
0|46381|2
0|46382|2
0|46383|2
0|46390|2
0|46392|2
0|46486|2
0|46487|2
0|46489|2
0|46496|2
0|46513|2
0|46514|2
0|46517|2
0|46538|2
0|46539|2
0|46544|2
0|46547|2
0|46553|2
0|46562|2
0|46564|2
0|46624|2
0|46625|2
0|46626|2
0|46627|2
0|46628|2
0|46629|2
0|46631|2
0|46635|2
0|46659|2
0|46665|2
0|46668|2
0|46687|2
0|46695|2
0|46706|2
0|46708|2
0|46756|2
0|46759|2
0|46772|2
0|46783|2
0|46785|2
0|46786|2
0|46790|2
0|46798|2
0|46800|2
0|46925|2
0|46937|2
0|46939|2
0|46967|2
0|46968|2
0|46969|2
0|46973|2
0|46974|2
0|46975|2
0|46980|2
0|46982|2
0|46983|2
0|46986|2
0|46994|2
0|46996|2
0|46997|2
0|46998|2
0|47007|2
0|47008|2
0|47023|2
0|47025|2
0|47026|2
0|47027|2
0|47037|2
0|47042|2
0|47060|2
0|47066|2
0|47107|2
0|47108|2
0|47110|2
0|47113|2
0|47152|2
0|47153|2
0|47155|2
0|47158|2
0|47165|2
0|47167|2
0|47168|2
0|47174|2
0|47177|2
0|47181|2
0|47183|2
0|47188|2
0|47189|2
0|47190|2
0|47191|2
0|47192|2
0|47193|2
0|47195|2
0|47204|2
0|47205|2
0|47206|2
0|47207|2
0|47209|2
0|47210|2
0|47211|2
0|47212|2
0|47213|2
0|47214|2
0|47215|2
0|47216|2
0|47217|2
0|47239|2
0|47240|2
0|47243|2
0|47254|2
0|47260|2
0|47263|2
0|47267|2
0|47283|2
0|47284|2
0|47285|2
0|47288|2
0|47296|2
0|47306|2
0|47307|2
0|47311|2
0|47317|2
0|47331|2
0|47332|2
0|47333|2
0|47334|2
0|47336|2
0|47337|2
0|47338|2
0|47357|2
0|47364|2
0|47365|2
0|47366|2
0|47367|2
0|47368|2
0|47369|2
0|47370|2
0|47371|2
0|47372|2
0|47376|2
0|47380|2
0|47383|2
0|47405|2
0|47413|2
0|47433|2
0|47434|2
0|47439|2
0|47443|2
0|47444|2
0|47447|2
0|47465|2
0|47471|2
0|47475|2
0|47476|2
0|47477|2
0|47484|2
0|47493|2
0|47494|2
0|47495|2
0|47501|2
0|47504|2
0|47505|2
0|47506|2
0|47525|2
0|47526|2
0|47531|2
0|47532|2
0|47534|2
0|47535|2
0|47536|2
0|47538|2
0|47543|2
0|47544|2
0|47545|2
0|47546|2
0|47551|2
0|47569|2
0|47570|2
0|47571|2
0|47572|2
0|47574|2
0|47575|2
0|47576|2
0|47592|2
0|47612|2
0|47616|2
0|47622|2
0|47623|2
0|47625|2
0|47631|2
0|47634|2
0|47635|2
0|47637|2
0|47638|2
0|47640|2
0|47641|2
0|47642|2
0|47643|2
0|47644|2
0|47645|2
0|47646|2
0|47647|2
0|47652|2
0|47657|2
0|47658|2
0|47659|2
0|47660|2
0|47671|2
0|47674|2
0|47676|2
0|47681|2
0|47685|2
0|47687|2
0|47688|2
0|47689|2
0|47690|2
0|47691|2
0|47695|2
0|47696|2
0|47697|2
0|47698|2
0|47702|2
0|47719|2
0|47754|2
0|47761|2
0|47763|2
0|47767|2
0|47768|2
0|47823|2
0|47825|2
0|47828|2
0|47830|2
0|47832|2
0|47833|2
0|47834|2
0|47835|2
0|47836|2
0|47847|2
0|47848|2
0|47850|2
0|47851|2
0|47854|2
0|47881|2
0|47882|2
0|47883|2
0|47884|2
0|47889|2
0|47892|2
0|47910|2
0|47911|2
0|47924|2
0|47938|2
0|47943|2
0|47945|2
0|47946|2
0|47947|2
0|47950|2
0|47951|2
0|47953|2
0|47955|2
0|47959|2
0|47961|2
0|47962|2
0|47967|2
0|47969|2
0|47974|2
0|47980|2
0|47982|2
0|47985|2
0|47986|2
0|47987|2
0|47989|2
0|47990|2
0|48003|2
0|48051|2
0|48055|2
0|48056|2
0|48057|2
0|48062|2
0|48066|2
0|48077|2
0|48078|2
0|48079|2
0|48083|2
0|48091|2
0|48092|2
0|48098|2
0|48099|2
0|48100|2
0|48105|2
0|48123|2
0|48126|2
0|48127|2
0|48128|2
0|48130|2
0|48243|2
0|48253|2
0|48262|2
0|48353|2
0|48374|2
0|48375|2
0|48376|2
0|48378|2
0|48379|2
0|48380|2
0|48382|2
0|48386|2
0|48395|2
0|48396|2
0|48404|2
0|48407|2
0|48408|2
0|48411|2
0|48415|2
0|48416|2
0|48417|2
0|48424|2
0|48465|2
0|48500|2
0|48502|2
0|48507|2
0|48518|2
0|48519|2
0|48520|2
0|48521|2
0|48522|2
0|48523|2
0|48524|2
0|48525|2
0|48526|2
0|48527|2
0|48528|2
0|48529|2
0|48582|2
0|48583|2
0|48587|2
0|48588|2
0|48598|2
0|48599|2
0|48600|2
0|48604|2
0|48607|2
0|48608|2
0|48609|2
0|48610|2
0|48611|2
0|48612|2
0|48613|2
0|48614|2
0|48615|2
0|48616|2
0|48617|2
0|48618|2
0|48619|2
0|48620|2
0|48621|2
0|48622|2
0|48623|2
0|48624|2
0|48625|2
0|48626|2
0|48629|2
0|48630|2
0|48633|2
0|48634|2
0|48635|2
0|48636|2
0|48637|2
0|48638|2
0|48640|2
0|48663|2
0|48669|2
0|48670|2
0|48677|2
0|48678|2
0|48679|2
0|48714|2
0|48715|2
0|48716|2
0|48717|2
0|48725|2
0|48738|2
0|48745|2
0|48758|2
0|48764|2
0|48765|2
0|48767|2
0|48789|2
0|48797|2
0|48802|2
0|48803|2
0|48816|2
0|48824|2
0|48829|2
0|48842|2
0|48847|2
0|48849|2
0|48855|2
0|48868|2
0|48879|2
0|48880|2
0|48886|2
0|48889|2
0|48893|2
0|48901|2
0|48906|2
0|48909|2
0|48910|2
0|48912|2
0|48913|2
0|48919|2
0|48921|2
0|48925|2
0|48932|2
0|48934|2
0|48937|2
0|48938|2
0|48939|2
0|48942|2
0|48944|2
0|48945|2
0|48946|2
0|48948|2
0|48949|2
0|48950|2
0|48951|2
0|48952|2
0|48953|2
0|48955|2
0|48956|2
0|48958|2
0|48959|2
0|48960|2
0|48961|2
0|48962|2
0|48963|2
0|48964|2
0|48965|2
0|48967|2
0|48968|2
0|48969|2
0|48970|2
0|48972|2
0|48973|2
0|48974|2
0|48976|2
0|48977|2
0|48978|2
0|48979|2
0|48980|2
0|48981|2
0|48983|2
0|48984|2
0|48985|2
0|48986|2
0|48987|2
0|48989|2
0|48990|2
0|48991|2
0|48992|2
0|48994|2
0|48995|2
0|48996|2
0|48997|2
0|48998|2
0|48999|2
0|49000|2
0|49001|2
0|49002|2
0|49008|2
0|49011|2
0|49012|2
0|49017|2
0|49024|2
0|49029|2
0|49031|2
0|49033|2
0|49039|2
0|49057|2
0|49059|2
0|49060|2
0|49063|2
0|49064|2
0|49065|2
0|49071|2
0|49073|2
0|49077|2
0|49078|2
0|49086|2
0|49087|2
0|49088|2
0|49090|2
0|49091|2
0|49095|2
0|49100|2
0|49101|2
0|49104|2
0|49109|2
0|49111|2
0|49112|2
0|49113|2
0|49114|2
0|49115|2
0|49116|2
0|49117|2
0|49118|2
0|49119|2
0|49120|2
0|49121|2
0|49122|2
0|49123|2
0|49124|2
0|49125|2
0|49126|2
0|49127|2
0|49128|2
0|49129|2
0|49130|2
0|49131|2
0|49132|2
0|49133|2
0|49134|2
0|49135|2
0|49136|2
0|49137|2
0|49138|2
0|49139|2
0|49140|2
0|49141|2
0|49142|2
0|49143|2
0|49144|2
0|49145|2
0|49146|2
0|49147|2
0|49148|2
0|49149|2
0|49150|2
0|49151|2
0|49152|2
0|49153|2
0|49154|2
0|49155|2
0|49156|2
0|49157|2
0|49158|2
0|49159|2
0|49160|2
0|49161|2
0|49162|2
0|49163|2
0|49164|2
0|49165|2
0|49166|2
0|49167|2
0|49168|2
0|49169|2
0|49170|2
0|49171|2
0|49172|2
0|49173|2
0|49174|2
0|49175|2
0|49176|2
0|49177|2
0|49178|2
0|49179|2
0|49180|2
0|49181|2
0|49182|2
0|49183|2
0|49184|2
0|49185|2
0|49186|2
0|49189|2
0|49190|2
0|49191|2
0|49193|2
0|49194|2
0|49200|2
0|49202|2
0|49203|2
0|49204|2
0|49213|2
0|49214|2
0|49216|2
0|49223|2
0|49224|2
0|49225|2
0|49226|2
0|49227|2
0|49231|2
0|49235|2
0|49236|2
0|49238|2
0|49239|2
0|49240|2
0|49241|2
0|49242|2
0|49246|2
0|49247|2
0|49248|2
0|49249|2
0|49252|2
0|49258|2
0|49259|2
0|49263|2
0|49264|2
0|49265|2
0|49266|2
0|49267|2
0|49268|2
0|49280|2
0|49281|2
0|49282|2
0|49283|2
0|49284|2
0|49285|2
0|49286|2
0|49289|2
0|49290|2
0|49292|2
0|49293|2
0|49309|2
0|49310|2
0|49318|2
0|49322|2
0|49328|2
0|49330|2
0|49334|2
0|49336|2
0|49337|2
0|49348|2
0|49371|2
0|49386|2
0|49387|2
0|49388|2
0|49389|2
0|49390|2
0|49391|2
0|49398|2
0|49401|2
0|49409|2
0|49410|2
0|49413|2
0|49414|2
0|49415|2
0|49416|2
0|49418|2
0|49425|2
0|49426|2
0|49428|2
0|49430|2
0|49431|2
0|49432|2
0|49433|2
0|49434|2
0|49435|2
0|49436|2
0|49437|2
0|49438|2
0|49439|2
0|49440|2
0|49441|2
0|49442|2
0|49443|2
0|49444|2
0|49445|2
0|49446|2
0|49447|2
0|49449|2
0|49451|2
0|49452|2
0|49453|2
0|49454|2
0|49459|2
0|49472|2
0|49477|2
0|49478|2
0|49479|2
0|49480|2
0|49481|2
0|49494|2
0|49513|2
0|49514|2
0|49519|2
0|49528|2
0|49530|2
0|49537|2
0|49539|2
0|49545|2
0|49551|2
0|49556|2
0|49560|2
0|49561|2
0|49562|2
0|49563|2
0|49564|2
0|49566|2
0|49569|2
0|49570|2
0|49571|2
0|49572|2
0|49576|2
0|49577|2
0|49580|2
0|49583|2
0|49584|2
0|49585|2
0|49589|2
0|49590|2
0|49591|2
0|49592|2
0|49593|2
0|49594|2
0|49595|2
0|49601|2
0|49628|2
0|49629|2
0|49630|2
0|49631|2
0|49632|2
0|49633|2
0|49634|2
0|49679|2
0|49680|2
0|49704|2
0|49706|2
0|49710|2
0|49711|2
0|49712|2
0|49715|2
0|49717|2
0|49718|2
0|49719|2
0|49723|2
0|49724|2
0|49725|2
0|49726|2
0|49727|2
0|49728|2
0|49729|2
0|49730|2
0|49731|2
0|49732|2
0|49734|2
0|49735|2
0|49736|2
0|49737|2
0|49738|2
0|49739|2
0|49740|2
0|49741|2
0|49743|2
0|49751|2
0|49752|2
0|49753|2
0|49754|2
0|49755|2
0|49761|2
0|49766|2
0|49770|2
0|49774|2
0|49775|2
0|49776|2
0|49777|2
0|49778|2
0|49779|2
0|49780|2
0|49783|2
0|49784|2
0|49786|2
0|49787|2
0|49788|2
0|49790|2
0|49795|2
0|49796|2
0|49797|2
0|49798|2
0|49800|2
0|49813|2
0|49818|2
0|49819|2
0|49820|2
0|49829|2
0|49834|2
0|49837|2
0|49838|2
0|49846|2
0|49848|2
0|49849|2
0|49852|2
0|49854|2
0|49856|2
0|49873|2
0|49901|2
0|49903|2
0|49909|2
0|49956|2
0|49957|2
0|49958|2
0|49959|2
0|49960|2
0|49961|2
0|49962|2
0|49963|2
0|49964|2
0|49983|2
0|49984|2
0|49985|2
0|49986|2
0|49988|2
0|49989|2
0|49990|2
0|49991|2
0|49992|2
0|49993|2
0|49994|2
0|49998|2
0|49999|2
0|50000|2
0|50002|2
0|50004|2
0|50005|2
0|50007|2
0|50008|2
0|50022|2
0|50023|2
0|50024|2
0|50028|2
0|50029|2
0|50030|2
0|50031|2
0|50032|2
0|50033|2
0|50034|2
0|50038|2
0|50039|2
0|50040|2
0|50041|2
0|50044|2
0|50051|2
0|50052|2
0|50053|2
0|50055|2
0|50058|2
0|50061|2
0|50063|2
0|50066|2
0|50068|2
0|50069|2
0|50070|2
0|50071|2
0|50083|2
0|50084|2
0|50088|2
0|50092|2
0|50100|2
0|50102|2
0|50107|2
0|50112|2
0|50118|2
0|50119|2
0|50121|2
0|50124|2
0|50125|2
0|50131|2
0|50135|2
0|50136|2
0|50137|2
0|50140|2
0|50141|2
0|50142|2
0|50144|2
0|50145|2
0|50146|2
0|50147|2
0|50148|2
0|50149|2
0|50150|2
0|50151|2
0|50152|2
0|50153|2
0|50156|2
0|50157|2
0|50158|2
0|50160|2
0|50161|2
0|50162|2
0|50163|2
0|50164|2
0|50165|2
0|50166|2
0|50167|2
0|50170|2
0|50174|2
0|50178|2
0|50187|2
0|50188|2
0|50209|2
0|50213|2
0|50216|2
0|50217|2
0|50219|2
0|50220|2
0|50221|2
0|50222|2
0|50223|2
0|50224|2
0|50225|2
0|50226|2
0|50227|2
0|50228|2
0|50229|2
0|50230|2
0|50231|2
0|50232|2
0|50233|2
0|50234|2
0|50235|2
0|50236|2
0|50237|2
0|50238|2
0|50239|2
0|50240|2
0|50241|2
0|50242|2
0|50243|2
0|50244|2
0|50245|2
0|50246|2
0|50247|2
0|50248|2
0|50249|2
0|50250|2
0|50251|2
0|50252|2
0|50253|2
0|50254|2
0|50255|2
0|50256|2
0|50257|2
0|50258|2
0|50259|2
0|50260|2
0|50262|2
0|50268|2
0|50269|2
0|50271|2
0|50272|2
0|50274|2
0|50276|2
0|50277|2
0|50278|2
0|50280|2
0|50281|2
0|50282|2
0|50285|2
0|50288|2
0|50294|2
0|50298|2
0|50311|2
0|50313|2
0|50317|2
0|50324|2
0|50325|2
0|50327|2
0|50328|2
0|50329|2
0|50330|2
0|50331|2
0|50332|2
0|50333|2
0|50334|2
0|50335|2
0|50336|2
0|50338|2
0|50339|2
0|50340|2
0|50350|2
0|50351|2
0|50352|2
0|50354|2
0|50355|2
0|50357|2
0|50358|2
0|50367|2
0|50368|2
0|50369|2
0|50370|2
0|50371|2
0|50373|2
0|50374|2
0|50375|2
0|50376|2
0|50377|2
0|50378|2
0|50379|2
0|50381|2
0|50387|2
0|50388|2
0|50390|2
0|50393|2
0|50404|2
0|50407|2
0|50409|2
0|50410|2
0|50411|2
0|50414|2
0|50416|2
0|50432|2
0|50433|2
0|50434|2
0|50435|2
0|50437|2
0|50438|2
0|50439|2
0|50440|2
0|50441|2
0|50443|2
0|50444|2
0|50448|2
0|50449|2
0|50452|2
0|50453|2
0|50454|2
0|50455|2
0|50471|2
0|50473|2
0|50474|2
0|50475|2
0|50476|2
0|50477|2
0|50478|2
0|50479|2
0|50480|2
0|50481|2
0|50483|2
0|50488|2
0|50489|2
0|50490|2
0|50491|2
0|50492|2
0|50493|2
0|50494|2
0|50495|2
0|50496|2
0|50497|2
0|50498|2
0|50499|2
0|50506|2
0|50507|2
0|50508|2
0|50511|2
0|50512|2
0|50514|2
0|50515|2
0|50516|2
0|50518|2
0|50521|2
0|50522|2
0|50523|2
0|50524|2
0|50525|2
0|50528|2
0|50541|2
0|50542|2
0|50543|2
0|50544|2
0|50545|2
0|50546|2
0|50547|2
0|50548|2
0|50549|2
0|50550|2
0|50551|2
0|50552|2
0|50553|2
0|50558|2
0|50565|2
0|50568|2
0|50575|2
0|50581|2
0|50582|2
0|50583|2
0|50584|2
0|50585|2
0|50586|2
0|50587|2
0|50588|2
0|50589|2
0|50590|2
0|50591|2
0|50592|2
0|50593|2
0|50594|2
0|50595|2
0|50596|2
0|50597|2
0|50598|2
0|50599|2
0|50600|2
0|50601|2
0|50602|2
0|50603|2
0|50604|2
0|50605|2
0|50606|2
0|50607|2
0|50608|2
0|50609|2
0|50610|2
0|50611|2
0|50612|2
0|50617|2
0|50618|2
0|50619|2
0|50620|2
0|50621|2
0|50622|2
0|50623|2
0|50624|2
0|50625|2
0|50626|2
0|50627|2
0|50628|2
0|50630|2
0|50631|2
0|50632|2
0|50639|2
0|50640|2
0|50641|2
0|50642|2
0|50643|2
0|50644|2
0|50645|2
0|50646|2
0|50648|2
0|50649|2
0|50650|2
0|50652|2
0|50653|2
0|50654|2
0|50658|2
0|50661|2
0|50662|2
0|50664|2
0|50667|2
0|50668|2
0|50682|2
0|50683|2
0|50686|2
0|50687|2
0|50689|2
0|50691|2
0|50692|2
0|50693|2
0|50697|2
0|50698|2
0|50699|2
0|50706|2
0|50707|2
0|50709|2
0|50710|2
0|50711|2
0|50712|2
0|50721|2
0|50722|2
0|50726|2
0|50729|2
0|50730|2
0|50731|2
0|50732|2
0|50733|2
0|50734|2
0|50735|2
0|50736|2
0|50752|2
0|50753|2
0|50755|2
0|50761|2
0|50763|2
0|50764|2
0|50765|2
0|50770|2
0|50771|2
0|50772|2
0|50773|2
0|50774|2
0|50775|2
0|50777|2
0|50779|2
0|50780|2
0|50781|2
0|50782|2
0|50783|2
0|50784|2
0|50785|2
0|50790|2
0|50791|2
0|50806|2
0|50807|2
0|50808|2
0|50809|2
0|50812|2
0|50814|2
0|50815|2
0|50820|2
0|50821|2
0|50822|2
0|50823|2
0|50824|2
0|50825|2
0|50829|2
0|50836|2
0|50838|2
0|50840|2
0|50841|2
0|50842|2
0|50850|2
0|50852|2
0|50853|2
0|50854|2
0|50855|2
0|50858|2
0|50860|2
0|50861|2
0|50862|2
0|50864|2
0|50865|2
0|50866|2
0|50868|2
0|50869|2
0|50870|2
0|50871|2
0|50872|2
0|50873|2
0|50874|2
0|50875|2
0|50876|2
0|50878|2
0|50879|2
0|50880|2
0|50881|2
0|50882|2
0|50883|2
0|50884|2
0|50885|2
0|50886|2
0|50887|2
0|50888|2
0|50895|2
0|50898|2
0|50899|2
0|50900|2
0|50905|2
0|50915|2
0|50917|2
0|50918|2
0|50919|2
0|50920|2
0|50922|2
0|50923|2
0|50940|2
0|50941|2
0|50949|2
0|50952|2
0|50953|2
0|50955|2
0|50956|2
0|50957|2
0|50959|2
0|50960|2
0|50961|2
0|50962|2
0|50963|2
0|50965|2
0|50966|2
0|50968|2
0|50969|2
0|50975|2
0|50976|2
0|50977|2
0|50978|2
0|50980|2
0|50981|2
0|50982|2
0|50984|2
0|50985|2
0|50986|2
0|50996|2
0|51000|2
0|51001|2
0|51003|2
0|51004|2
0|51006|2
0|51007|2
0|51008|2
0|51009|2
0|51011|2
0|51014|2
0|51015|2
0|51016|2
0|51017|2
0|51018|2
0|51024|2
0|51025|2
0|51039|2
0|51040|2
0|51041|2
0|51042|2
0|51043|2
0|51046|2
0|51048|2
0|51068|2
0|51070|2
0|51086|2
0|51087|2
0|51094|2
0|51095|2
0|51097|2
0|51102|2
0|51103|2
0|51104|2
0|51105|2
0|51106|2
0|51107|2
0|51108|2
0|51109|2
0|51110|2
0|51111|2
0|51112|2
0|51115|2
0|51116|2
0|51118|2
0|51128|2
0|51129|2
0|51130|2
0|51132|2
0|51133|2
0|51138|2
0|51141|2
0|51144|2
0|51150|2
0|51151|2
0|51153|2
0|51166|2
0|51167|2
0|51168|2
0|51171|2
0|51173|2
0|51174|2
0|51175|2
0|51176|2
0|51177|2
0|51178|2
0|51182|2
0|51183|2
0|51186|2
0|51187|2
0|51188|2
0|51189|2
0|51190|2
0|51191|2
0|51192|2
0|51194|2
0|51195|2
0|51197|2
0|51198|2
0|51199|2
0|51200|2
0|51201|2
0|51202|2
0|51203|2
0|51204|2
0|51205|2
0|51206|2
0|51207|2
0|51208|2
0|51209|2
0|51210|2
0|51211|2
0|51212|2
0|51213|2
0|51214|2
0|51216|2
0|51217|2
0|51218|2
0|51219|2
0|51220|2
0|51221|2
0|51222|2
0|51223|2
0|51224|2
0|51225|2
0|51226|2
0|51227|2
0|51228|2
0|51229|2
0|51230|2
0|51231|2
0|51232|2
0|51233|2
0|51234|2
0|51235|2
0|51236|2
0|51237|2
0|51238|2
0|51239|2
0|51240|2
0|51241|2
0|51242|2
0|51243|2
0|51244|2
0|51245|2
0|51246|2
0|51247|2
0|51248|2
0|51249|2
0|51250|2
0|51251|2
0|51252|2
0|51253|2
0|51254|2
0|51255|2
0|51256|2
0|51257|2
0|51258|2
0|51259|2
0|51260|2
0|51261|2
0|51262|2
0|51263|2
0|51264|2
0|51265|2
0|51266|2
0|51267|2
0|51268|2
0|51269|2
0|51270|2
0|51271|2
0|51273|2
0|51274|2
0|51276|2
0|51277|2
0|51278|2
0|51279|2
0|51280|2
0|51281|2
0|51282|2
0|51283|2
0|51284|2
0|51285|2
0|51286|2
0|51287|2
0|51288|2
0|51289|2
0|51290|2
0|51291|2
0|51292|2
0|51293|2
0|51294|2
0|51295|2
0|51296|2
0|51297|2
0|51298|2
0|51299|2
0|51300|2
0|51301|2
0|51302|2
0|51303|2
0|51304|2
0|51305|2
0|51306|2
0|51307|2
0|51308|2
0|51309|2
0|51310|2
0|51311|2
0|51312|2
0|51313|2
0|51314|2
0|51315|2
0|51316|2
0|51317|2
0|51318|2
0|51319|2
0|51320|2
0|51325|2
0|51327|2
0|51328|2
0|51331|2
0|51334|2
0|51335|2
0|51336|2
0|51337|2
0|51340|2
0|51348|2
0|51354|2
0|51355|2
0|51356|2
0|51357|2
0|51359|2
0|51362|2
0|51376|2
0|51383|2
0|51384|2
0|51390|2
0|51391|2
0|51392|2
0|51395|2
0|51396|2
0|51398|2
0|51399|2
0|51400|2
0|51401|2
0|51402|2
0|51403|2
0|51404|2
0|51405|2
0|51406|2
0|51407|2
0|51408|2
0|51410|2
0|51412|2
0|51416|2
0|51417|2
0|51418|2
0|51419|2
0|51422|2
0|51423|2
0|51425|2
0|51426|2
0|51427|2
0|51429|2
0|51430|2
0|51433|2
0|51434|2
0|51435|2
0|51436|2
0|51437|2
0|51438|2
0|51439|2
0|51440|2
0|51442|2
0|51449|2
0|51458|2
0|51459|2
0|51461|2
0|51462|2
0|51484|2
0|51489|2
0|51490|2
0|51492|2
0|51494|2
0|51496|2
0|51499|2
0|51503|2
0|51504|2
0|51505|2
0|51506|2
0|51507|2
0|51508|2
0|51509|2
0|51510|2
0|51511|2
0|51514|2
0|51516|2
0|51527|2
0|51553|2
0|51562|2
0|51563|2
0|51566|2
0|51568|2
0|51570|2
0|51571|2
0|51572|2
0|51574|2
0|51579|2
0|51582|2
0|51583|2
0|51584|2
0|51591|2
0|51596|2
0|51598|2
0|51619|2
0|51625|2
0|51637|2
0|51638|2
0|51644|2
0|51646|2
0|51648|2
0|51649|2
0|51650|2
0|51651|2
0|51652|2
0|51653|2
0|51654|2
0|51655|2
0|51656|2
0|51662|2
0|51663|2
0|51664|2
0|51665|2
0|51676|2
0|51677|2
0|51679|2
0|51680|2
0|51682|2
0|51691|2
0|51692|2
0|51696|2
0|51698|2
0|51708|2
0|51712|2
0|51713|2
0|51716|2
0|51717|2
0|51722|2
0|51723|2
0|51724|2
0|51732|2
0|51741|2
0|51742|2
0|51743|2
0|51745|2
0|51746|2
0|51747|2
0|51748|2
0|51749|2
0|51766|2
0|51774|2
0|51796|2
0|51797|2
0|51798|2
0|51799|2
0|51805|2
0|51806|2
0|51810|2
0|51815|2
0|51816|2
0|51817|2
0|51818|2
0|51819|2
0|51820|2
0|51821|2
0|51822|2
0|51823|2
0|51824|2
0|51825|2
0|51827|2
0|51832|2
0|51833|2
0|51834|2
0|51836|2
0|51837|2
0|51838|2
0|51839|2
0|51840|2
0|51841|2
0|51842|2
0|51848|2
0|51849|2
0|51852|2
0|51879|2
0|51880|2
0|51882|2
0|51883|2
0|51886|2
0|51887|2
0|51888|2
0|51894|2
0|51896|2
0|51897|2
0|51898|2
0|51899|2
0|51900|2
0|51903|2
0|51904|2
0|51941|2
0|51943|2
0|51945|2
0|51946|2
0|51950|2
0|51953|2
0|51954|2
0|51955|2
0|51956|2
0|51957|2
0|51958|2
0|51959|2
0|51967|2
0|51970|2
0|51977|2
0|51978|2
0|51980|2
0|51981|2
0|51982|2
0|51983|2
0|51984|2
0|51985|2
0|51987|2
0|51989|2
0|51990|2
0|51991|2
0|51993|2
0|51995|2
0|51996|2
0|51997|2
0|51998|2
0|51999|2
0|52000|2
0|52003|2
0|52004|2
0|52005|2
0|52006|2
0|52007|2
0|52009|2
0|52010|2
0|52018|2
0|52024|2
0|52030|2
0|52033|2
0|52034|2
0|52035|2
0|52036|2
0|52037|2
0|52038|2
0|52039|2
0|52040|2
0|52041|2
0|52042|2
0|52045|2
0|52046|2
0|52047|2
0|52048|2
0|52058|2
0|52059|2
0|52060|2
0|52061|2
0|52062|2
0|52063|2
0|52064|2
0|52067|2
0|52068|2
0|52069|2
0|52070|2
0|52071|2
0|52072|2
0|52073|2
0|52074|2
0|52075|2
0|52080|2
0|52081|2
0|52087|2
0|52094|2
0|52113|2
0|52114|2
0|52152|2
0|52160|2
0|52161|2
0|52162|2
0|52163|2
0|52164|2
0|52165|2
0|52172|2
0|52173|2
0|52174|2
0|52175|2
0|52177|2
0|52178|2
0|52179|2
0|52180|2
0|52181|2
0|52182|2
0|52183|2
0|52184|2
0|52187|2
0|52189|2
0|52193|2
0|52194|2
0|52195|2
0|52196|2
0|52197|2
0|52198|2
0|52199|2
0|52200|2
0|52201|2
0|52202|2
0|52203|2
0|52204|2
0|52205|2
0|52206|2
0|52207|2
0|52208|2
0|52209|2
0|52212|2
0|52213|2
0|52214|2
0|52215|2
0|52216|2
0|52217|2
0|52219|2
0|52244|2
0|52245|2
0|52248|2
0|52249|2
0|52250|2
0|52251|2
0|52260|2
0|52272|2
0|52274|2
0|52275|2
0|52277|2
0|52278|2
0|52284|2
0|52285|2
0|52286|2
0|52287|2
0|52288|2
0|52289|2
0|52294|2
0|52299|2
0|52300|2
0|52301|2
0|52303|2
0|52314|2
0|52315|2
0|52316|2
0|52322|2
0|52323|2
0|52327|2
0|52329|2
0|52334|2
0|52345|2
0|52346|2
0|52350|2
0|52351|2
0|52353|2
0|52356|2
0|52369|2
0|52370|2
0|52374|2
0|52376|2
0|52377|2
0|52378|2
0|52379|2
0|52383|2
0|52385|2
0|52386|2
0|52387|2
0|52389|2
0|52390|2
0|52391|2
0|52392|2
0|52393|2
0|52394|2
0|52399|2
0|52403|2
0|52405|2
0|52406|2
0|52409|2
0|52411|2
0|52417|2
0|52419|2
0|52425|2
0|52428|2
0|52439|2
0|52455|2
0|52459|2
0|52460|2
0|52461|2
0|52462|2
0|52463|2
0|52464|2
0|52465|2
0|52466|2
0|52468|2
0|52469|2
0|52470|2
0|52471|2
0|52472|2
0|52473|2
0|52474|2
0|52476|2
0|52477|2
0|52479|2
0|52480|2
0|52481|2
0|52482|2
0|52483|2
0|52484|2
0|52485|2
0|52486|2
0|52487|2
0|52488|2
0|52489|2
0|52490|2
0|52493|2
0|52494|2
0|52495|2
0|52496|2
0|52497|2
0|52498|2
0|52499|2
0|52500|2
0|52501|2
0|52502|2
0|52503|2
0|52504|2
0|52505|2
0|52506|2
0|52507|2
0|52508|2
0|52509|2
0|52510|2
0|52511|2
0|52512|2
0|52513|2
0|52514|2
0|52515|2
0|52516|2
0|52517|2
0|52518|2
0|52519|2
0|52520|2
0|52521|2
0|52522|2
0|52527|2
0|52528|2
0|52529|2
0|52537|2
0|52538|2
0|52539|2
0|52543|2
0|52562|2
0|52563|2
0|52571|2
0|52572|2
0|52576|2
0|52577|2
0|52578|2
0|52584|2
0|52597|2
0|52599|2
0|52600|2
0|52602|2
0|52604|2
0|52611|2
0|52613|2
0|52615|2
0|52616|2
0|52617|2
0|52618|2
0|52619|2
0|52620|2
0|52625|2
0|52626|2
0|52627|2
0|52637|2
0|52638|2
0|52639|2
0|52640|2
0|52646|2
0|52660|2
0|52661|2
0|52667|2
0|52668|2
0|52669|2
0|52670|2
0|52671|2
0|52678|2
0|52679|2
0|52680|2
0|52688|2
0|52698|2
0|52702|2
0|52718|2
0|52719|2
0|52727|2
0|52738|2
0|52745|2
0|52747|2
0|52748|2
0|52761|2
0|52762|2
0|52768|2
0|52771|2
0|52772|2
0|52773|2
0|52777|2
0|52778|2
0|52779|2
0|52780|2
0|52781|2
0|52782|2
0|52783|2
0|52785|2
0|52786|2
0|52788|2
0|52789|2
0|52790|2
0|52791|2
0|52792|2
0|52793|2
0|52794|2
0|52795|2
0|52796|2
0|52797|2
0|52798|2
0|52799|2
0|52800|2
0|52801|2
0|52802|2
0|52803|2
0|52804|2
0|52805|2
0|52806|2
0|52807|2
0|52808|2
0|52809|2
0|52810|2
0|52811|2
0|52812|2
0|52813|2
0|52819|2
0|52820|2
0|52824|2
0|52832|2
0|52834|2
0|52836|2
0|52837|2
0|52838|2
0|52843|2
0|52844|2
0|52845|2
0|52846|2
0|52848|2
0|52851|2
0|52854|2
0|52859|2
0|52860|2
0|52862|2
0|52863|2
0|52864|2
0|52865|2
0|52873|2
0|52874|2
0|52884|2
0|52885|2
0|52886|2
0|52896|2
0|52901|2
0|52903|2
0|52907|2
0|52909|2
0|52915|2
0|52917|2
0|52918|2
0|52944|2
0|52945|2
0|52946|2
0|52954|2
0|52955|2
0|52964|2
0|52971|2
0|52979|2
0|52991|2
0|52994|2
0|52997|2
0|52998|2
0|53011|2
0|53012|2
0|53013|2
0|53014|2
0|53015|2
0|53016|2
0|53017|2
0|53018|2
0|53019|2
0|53020|2
0|53021|2
0|53022|2
0|53023|2
0|53024|2
0|53025|2
0|53026|2
0|53027|2
0|53028|2
0|53029|2
0|53030|2
0|53031|2
0|53032|2
0|53033|2
0|53034|2
0|53035|2
0|53036|2
0|53037|2
0|53038|2
0|53039|2
0|53040|2
0|53041|2
0|53042|2
0|53043|2
0|53044|2
0|53045|2
0|53046|2
0|53047|2
0|53048|2
0|53049|2
0|53052|2
0|53053|2
0|53068|2
0|53072|2
0|53073|2
0|53074|2
0|53075|2
0|53079|2
0|53080|2
0|53081|2
0|53082|2
0|53083|2
0|53088|2
0|53090|2
0|53091|2
0|53092|2
0|53093|2
0|53094|2
0|53097|2
0|53098|2
0|53099|2
0|53100|2
0|53107|2
0|53109|2
0|53110|2
0|53116|2
0|53121|2
0|53131|2
0|53132|2
0|53133|2
0|53134|2
0|53135|2
0|53140|2
0|53141|2
0|53142|2
0|53143|2
0|53144|2
0|53145|2
0|53151|2
0|53154|2
0|53155|2
0|53156|2
0|53161|2
0|53169|2
0|53172|2
0|53173|2
0|53175|2
0|53184|2
0|53185|2
0|53186|2
0|53191|2
0|53192|2
0|53193|2
0|53200|2
0|53203|2
0|53204|2
0|53205|2
0|53206|2
0|53208|2
0|53209|2
0|53210|2
0|53215|2
0|53216|2
0|53217|2
0|53219|2
0|53220|2
0|53225|2
0|53226|2
0|53230|2
0|53231|2
0|53232|2
0|53237|2
0|53241|2
0|53242|2
0|53245|2
0|53246|2
0|53247|2
0|53248|2
0|53249|2
0|53250|2
0|53251|2
0|53252|2
0|53254|2
0|53255|2
0|53256|2
0|53258|2
0|53259|2
0|53260|2
0|53261|2
0|53265|2
0|53271|2
0|53272|2
0|53273|2
0|53274|2
0|53275|2
0|53279|2
0|53280|2
0|53281|2
0|53282|2
0|53284|2
0|53285|2
0|53294|2
0|53295|2
0|53296|2
0|53297|2
0|53299|2
0|53301|2
0|53302|2
0|53303|2
0|53304|2
0|53306|2
0|53327|2
0|53329|2
0|53330|2
0|53331|2
0|53332|2
0|53340|2
0|53341|2
0|53342|2
0|53357|2
0|53358|2
0|53359|2
0|53360|2
0|53361|2
0|53362|2
0|53363|2
0|53364|2
0|53365|2
0|53366|2
0|53367|2
0|53368|2
0|53381|2
0|53382|2
0|53389|2
0|53395|2
0|53397|2
0|53398|2
0|53399|2
0|53400|2
0|53401|2
0|53402|2
0|53403|2
0|53406|2
0|53407|2
0|53408|2
0|53409|2
0|53410|2
0|53411|2
0|53412|2
0|53419|2
0|53423|2
0|53427|2
0|53428|2
0|53431|2
0|53432|2
0|53434|2
0|53439|2
0|53440|2
0|53441|2
0|53442|2
0|53443|2
0|53444|2
0|53445|2
0|53454|2
0|53463|2
0|53469|2
0|53470|2
0|53471|2
0|53472|2
0|53473|2
0|53475|2
0|53479|2
0|53481|2
0|53483|2
0|53484|2
0|53485|2
0|53486|2
0|53487|2
0|53488|2
0|53489|2
0|53490|2
0|53493|2
0|53494|2
0|53495|2
0|53496|2
0|53497|2
0|53498|2
0|53505|2
0|53506|2
0|53514|2
0|53515|2
0|53516|2
0|53517|2
0|53521|2
0|53528|2
0|53530|2
0|53531|2
0|53532|2
0|53533|2
0|53534|2
0|53535|2
0|53541|2
0|53543|2
0|53544|2
0|53547|2
0|53548|2
0|53553|2
0|53555|2
0|53556|2
0|53557|2
0|53558|2
0|53559|2
0|53560|2
0|53561|2
0|53562|2
0|53564|2
0|53567|2
0|53568|2
0|53570|2
0|53571|2
0|53575|2
0|53576|2
0|53577|2
0|53580|2
0|53581|2
0|53582|2
0|53583|2
0|53586|2
0|53587|2
0|53588|2
0|53589|2
0|53591|2
0|53596|2
0|53597|2
0|53598|2
0|53599|2
0|53606|2
0|53607|2
0|53608|2
0|53609|2
0|53614|2
0|53616|2
0|53617|2
0|53633|2
0|53635|2
0|53636|2
0|53637|2
0|53638|2
0|53639|2
0|53640|2
0|53641|2
0|53642|2
0|53643|2
0|53644|2
0|53645|2
0|53646|2
0|53647|2
0|53649|2
0|53652|2
0|53654|2
0|53663|2
0|53674|2
0|53675|2
0|53696|2
0|53697|2
0|53700|2
0|53702|2
0|53705|2
0|53706|2
0|53707|2
0|53708|2
0|53712|2
0|53713|2
0|53715|2
0|53718|2
0|53721|2
0|53722|2
0|53725|2
0|53726|2
0|53728|2
0|53729|2
0|53730|2
0|53731|2
0|53746|2
0|53747|2
0|53748|2
0|53749|2
0|53750|2
0|53751|2
0|53752|2
0|53762|2
0|53768|2
0|53769|2
0|53770|2
0|53771|2
0|53772|2
0|53773|2
0|53774|2
0|53775|2
0|53776|2
0|53781|2
0|53782|2
0|53783|2
0|53784|2
0|53785|2
0|53788|2
0|53789|2
0|53791|2
0|53792|2
0|53795|2
0|53797|2
0|53798|2
0|53799|2
0|53806|2
0|53807|2
0|53808|2
0|53809|2
0|53810|2
0|53811|2
0|53812|2
0|53813|2
0|53814|2
0|53815|2
0|53816|2
0|53817|2
0|53818|2
0|53819|2
0|53820|2
0|53821|2
0|53822|2
0|53823|2
0|53824|2
0|53825|2
0|53826|2
0|53827|2
0|53828|2
0|53829|2
0|53830|2
0|53831|2
0|53832|2
0|53833|2
0|53834|2
0|53835|2
0|53837|2
0|53838|2
0|53839|2
0|53840|2
0|53841|2
0|53843|2
0|53844|2
0|53845|2
0|53846|2
0|53847|2
0|53848|2
0|53849|2
0|53850|2
0|53851|2
0|53852|2
0|53853|2
0|53854|2
0|53855|2
0|53856|2
0|53857|2
0|53858|2
0|53859|2
0|53860|2
0|53861|2
0|53863|2
0|53864|2
0|53865|2
0|53866|2
0|53868|2
0|53869|2
0|53870|2
0|53871|2
0|53872|2
0|53873|2
0|53874|2
0|53875|2
0|53876|2
0|53877|2
0|53878|2
0|53879|2
0|53880|2
0|53881|2
0|53882|2
0|53883|2
0|53884|2
0|53885|2
0|53888|2
0|53889|2
0|53890|2
0|53891|2
0|53892|2
0|53893|2
0|53894|2
0|53895|2
0|53896|2
0|53897|2
0|53898|2
0|53899|2
0|53903|2
0|53906|2
0|53908|2
0|53911|2
0|53923|2
0|53924|2
0|53925|2
0|53928|2
0|53929|2
0|53930|2
0|53931|2
0|53932|2
0|53933|2
0|53934|2
0|53935|2
0|53937|2
0|53938|2
0|53940|2
0|53941|2
0|53942|2
0|53943|2
0|53945|2
0|53947|2
0|53948|2
0|53950|2
0|53951|2
0|53953|2
0|53954|2
0|53955|2
0|53956|2
0|53959|2
0|53961|2
0|53963|2
0|53965|2
0|53967|2
0|53968|2
0|53973|2
0|53974|2
0|53975|2
0|53976|2
0|53977|2
0|53978|2
0|53980|2
0|53982|2
0|53984|2
0|53985|2
0|53986|2
0|53987|2
0|53989|2
0|53990|2
0|53991|2
0|53993|2
0|53995|2
0|53996|2
0|53997|2
0|53998|2
0|53999|2
0|54000|2
0|54001|2
0|54002|2
0|54003|2
0|54004|2
0|54005|2
0|54011|2
0|54012|2
0|54013|2
0|54014|2
0|54015|2
0|54016|2
0|54017|2
0|54018|2
0|54020|2
0|54023|2
0|54025|2
0|54030|2
0|54042|2
0|54043|2
0|54045|2
0|54047|2
0|54048|2
0|54049|2
0|54050|2
0|54051|2
0|54052|2
0|54053|2
0|54054|2
0|54055|2
0|54061|2
0|54065|2
0|54066|2
0|54067|2
0|54068|2
0|54069|2
0|54070|2
0|54071|2
0|54073|2
0|54074|2
0|54075|2
0|54076|2
0|54077|2
0|54078|2
0|54079|2
0|54080|2
0|54081|2
0|54088|2
0|54089|2
0|54090|2
0|54091|2
0|54092|2
0|54093|2
0|54094|2
0|54095|2
0|54096|2
0|54097|2
0|54098|2
0|54099|2
0|54100|2
0|54101|2
0|54102|2
0|54103|2
0|54104|2
0|54105|2
0|54106|2
0|54107|2
0|54108|2
0|54109|2
0|54110|2
0|54111|2
0|54112|2
0|54113|2
0|54114|2
0|54115|2
0|54116|2
0|54118|2
0|54119|2
0|54120|2
0|54121|2
0|54122|2
0|54123|2
0|54124|2
0|54125|2
0|54126|2
0|54127|2
0|54128|2
0|54129|2
0|54130|2
0|54131|2
0|54132|2
0|54133|2
0|54134|2
0|54135|2
0|54136|2
0|54137|2
0|54138|2
0|54139|2
0|54140|2
0|54141|2
0|54142|2
0|54143|2
0|54144|2
0|54145|2
0|54146|2
0|54147|2
0|54148|2
0|54149|2
0|54150|2
0|54151|2
0|54152|2
0|54153|2
0|54154|2
0|54155|2
0|54156|2
0|54158|2
0|54160|2
0|54164|2
0|54166|2
0|54167|2
0|54169|2
0|54170|2
0|54171|2
0|54174|2
0|54178|2
0|54179|2
0|54180|2
0|54181|2
0|54182|2
0|54183|2
0|54184|2
0|54185|2
0|54186|2
0|54187|2
0|54188|2
0|54189|2
0|54190|2
0|54191|2
0|54192|2
0|54196|2
0|54198|2
0|54199|2
0|54202|2
0|54203|2
0|54204|2
0|54205|2
0|54207|2
0|54208|2
0|54210|2
0|54211|2
0|54212|2
0|54213|2
0|54214|2
0|54217|2
0|54219|2
0|54220|2
0|54221|2
0|54223|2
0|54224|2
0|54227|2
0|54230|2
0|54247|2
0|54248|2
0|54249|2
0|54250|2
0|54251|2
0|54252|2
0|54253|2
0|54254|2
0|54256|2
0|54257|2
0|54262|2
0|54263|2
0|54264|2
0|54265|2
0|54266|2
0|54268|2
0|54269|2
0|54273|2
0|54274|2
0|54275|2
0|54276|2
0|54277|2
0|54278|2
0|54279|2
0|54281|2
0|54282|2
0|54283|2
0|54286|2
0|54287|2
0|54288|2
0|54289|2
0|54291|2
0|54293|2
0|54301|2
0|54304|2
0|54312|2
0|54315|2
0|54316|2
0|54318|2
0|54319|2
0|54320|2
0|54321|2
0|54322|2
0|54323|2
0|54324|2
0|54325|2
0|54326|2
0|54327|2
0|54328|2
0|54329|2
0|54330|2
0|54331|2
0|54332|2
0|54334|2
0|54335|2
0|54337|2
0|54338|2
0|54339|2
0|54340|2
0|54342|2
0|54343|2
0|54344|2
0|54350|2
0|54355|2
0|54358|2
0|54359|2
0|54360|2
0|54361|2
0|54362|2
0|54363|2
0|54364|2
0|54365|2
0|54367|2
0|54368|2
0|54369|2
0|54370|2
0|54371|2
0|54372|2
0|54373|2
0|54374|2
0|54375|2
0|54376|2
0|54377|2
0|54378|2
0|54379|2
0|54381|2
0|54382|2
0|54383|2
0|54384|2
0|54385|2
0|54386|2
0|54387|2
0|54388|2
0|54389|2
0|54390|2
0|54391|2
0|54392|2
0|54393|2
0|54394|2
0|54395|2
0|54396|2
0|54397|2
0|54398|2
0|54399|2
0|54401|2
0|54407|2
0|54408|2
0|54409|2
0|54411|2
0|54412|2
0|54413|2
0|54415|2
0|54416|2
0|54417|2
0|54418|2
0|54419|2
0|54420|2
0|54421|2
0|54422|2
0|54423|2
0|54424|2
0|54425|2
0|54426|2
0|54427|2
0|54428|2
0|54429|2
0|54430|2
0|54431|2
0|54432|2
0|54433|2
0|54439|2
0|54440|2
0|54441|2
0|54442|2
0|54443|2
0|54444|2
0|54450|2
0|54451|2
0|54452|2
0|54453|2
0|54454|2
0|54458|2
0|54459|2
0|54460|2
0|54461|2
0|54462|2
0|54463|2
0|54464|2
0|54465|2
0|54466|2
0|54467|2
0|54468|2
0|54469|2
0|54470|2
0|54471|2
0|54472|2
0|54473|2
0|54474|2
0|54475|2
0|54476|2
0|54477|2
0|54478|2
0|54479|2
0|54480|2
0|54481|2
0|54482|2
0|54483|2
0|54485|2
0|54488|2
0|54492|2
0|54494|2
0|54495|2
0|54496|2
0|54497|2
0|54499|2
0|54501|2
0|54502|2
0|54503|2
0|54504|2
0|54505|2
0|54506|2
0|54507|2
0|54508|2
0|54509|2
0|54515|2
0|54516|2
0|54517|2
0|54518|2
0|54519|2
0|54520|2
0|54521|2
0|54523|2
0|54524|2
0|54525|2
0|54526|2
0|54527|2
0|54528|2
0|54529|2
0|54531|2
0|54534|2
0|54535|2
0|54536|2
0|54537|2
0|54538|2
0|54542|2
0|54546|2
0|54547|2
0|54548|2
0|54549|2
0|54550|2
0|54551|2
0|54552|2
0|54553|2
0|54554|2
0|54555|2
0|54557|2
0|54559|2
0|54561|2
0|54562|2
0|54563|2
0|54564|2
0|54565|2
0|54566|2
0|54567|2
0|54568|2
0|54569|2
0|54571|2
0|54577|2
0|54581|2
0|54582|2
0|54583|2
0|54585|2
0|54586|2
0|54587|2
0|54589|2
0|54590|2
0|54591|2
0|54592|2
0|54593|2
0|54597|2
0|54598|2
0|54599|2
0|54600|2
0|54601|2
0|54602|2
0|54603|2
0|54605|2
0|54606|2
0|54607|2
0|54608|2
0|54610|2
0|54614|2
0|54615|2
0|54620|2
0|54621|2
0|54622|2
0|54623|2
0|54624|2
0|54625|2
0|54626|2
0|54627|2
0|54628|2
0|54629|2
0|54630|2
0|54631|2
0|54632|2
0|54633|2
0|54634|2
0|54639|2
0|54640|2
0|54641|2
0|54642|2
0|54643|2
0|54644|2
0|54645|2
0|54646|2
0|54647|2
0|54649|2
0|54683|2
0|54685|2
0|54687|2
0|54692|2
0|54694|2
0|54697|2
0|54698|2
0|54700|2
0|54701|2
0|54707|2
0|54708|2
0|54709|2
0|54711|2
0|54712|2
0|54713|2
0|54714|2
0|54715|2
0|54733|2
0|54739|2
0|54741|2
0|54749|2
0|54757|2
0|54762|2
0|54764|2
0|54766|2
0|54769|2
0|54772|2
0|54773|2
0|54775|2
0|54777|2
0|54781|2
0|54785|2
0|54788|2
0|54789|2
0|54790|2
0|54791|2
0|54792|2
0|54793|2
0|54794|2
0|54795|2
0|54796|2
0|54797|2
0|54799|2
0|54800|2
0|54801|2
0|54802|2
0|54804|2
0|54806|2
0|54813|2
0|54814|2
0|54816|2
0|54817|2
0|54818|2
0|54819|2
0|54820|2
0|54822|2
0|54823|2
0|54829|2
0|54831|2
0|54835|2
0|54836|2
0|54837|2
0|54838|2
0|54839|2
0|54840|2
0|54841|2
0|54842|2
0|54844|2
0|54845|2
0|54858|2
0|54859|2
0|54861|2
0|54862|2
0|54863|2
0|54865|2
0|54867|2
0|54869|2
0|54870|2
0|54872|2
0|54874|2
0|54878|2
0|54883|2
0|54884|2
0|54886|2
0|54887|2
0|54888|2
0|54889|2
0|54890|2
0|54891|2
0|54892|2
0|54893|2
0|54894|2
0|54895|2
0|54896|2
0|54897|2
0|54901|2
0|54902|2
0|54903|2
0|54904|2
0|54905|2
0|54906|2
0|54907|2
0|54911|2
0|54912|2
0|54913|2
0|54914|2
0|54916|2
0|54917|2
0|54918|2
0|54919|2
0|54920|2
0|54921|2
0|54922|2
0|54925|2
0|54926|2
0|54927|2
0|54928|2
0|54949|2
0|54950|2
0|54951|2
0|54952|2
0|54953|2
0|54957|2
0|54958|2
0|54959|2
0|54960|2
0|54961|2
0|54962|2
0|54963|2
0|54965|2
0|54967|2
0|54968|2
0|54969|2
0|54970|2
0|54977|2
0|54980|2
0|54981|2
0|54982|2
0|54984|2
0|54985|2
0|54987|2
0|54989|2
0|54994|2
0|54995|2
0|54998|2
0|54999|2
0|55002|2
0|55003|2
0|55016|2
0|55019|2
0|55021|2
0|55022|2
0|55023|2
0|55024|2
0|55025|2
0|55027|2
0|55028|2
0|55029|2
0|55030|2
0|55031|2
0|55032|2
0|55033|2
0|55034|2
0|55035|2
0|55036|2
0|55037|2
0|55038|2
0|55039|2
0|55040|2
0|55041|2
0|55042|2
0|55043|2
0|55046|2
0|55049|2
0|55051|2
0|55064|2
0|55070|2
0|55072|2
0|55073|2
0|55074|2
0|55075|2
0|55076|2
0|55077|2
0|55078|2
0|55079|2
0|55080|2
0|55082|2
0|55084|2
0|55088|2
0|55089|2
0|55090|2
0|55094|2
0|55096|2
0|55105|2
0|55107|2
0|55108|2
0|55109|2
0|55110|2
0|55111|2
0|55114|2
0|55115|2
0|55116|2
0|55119|2
0|55129|2
0|55131|2
0|55132|2
0|55133|2
0|55134|2
0|55135|2
0|55138|2
0|55141|2
0|55143|2
0|55144|2
0|55145|2
0|55147|2
0|55152|2
0|55157|2
0|55159|2
0|55160|2
0|55161|2
0|55162|2
0|55164|2
0|55165|2
0|55168|2
0|55169|2
0|55170|2
0|55171|2
0|55172|2
0|55173|2
0|55174|2
0|55175|2
0|55176|2
0|55177|2
0|55178|2
0|55179|2
0|55180|2
0|55181|2
0|55182|2
0|55183|2
0|55184|2
0|55186|2
0|55187|2
0|55188|2
0|55189|2
0|55191|2
0|55193|2
0|55194|2
0|55198|2
0|55200|2
0|55201|2
0|55202|2
0|55203|2
0|55205|2
0|55206|2
0|55210|2
0|55213|2
0|55214|2
0|55215|2
0|55218|2
0|55219|2
0|55220|2
0|55224|2
0|55225|2
0|55226|2
0|55240|2
0|55242|2
0|55243|2
0|55244|2
0|55245|2
0|55246|2
0|55247|2
0|55248|2
0|55249|2
0|55250|2
0|55251|2
0|55252|2
0|55253|2
0|55254|2
0|55255|2
0|55256|2
0|55257|2
0|55258|2
0|55259|2
0|55260|2
0|55261|2
0|55262|2
0|55263|2
0|55268|2
0|55269|2
0|55270|2
0|55271|2
0|55272|2
0|55274|2
0|55275|2
0|55276|2
0|55277|2
0|55278|2
0|55279|2
0|55280|2
0|55282|2
0|55283|2
0|55284|2
0|55285|2
0|55287|2
0|55289|2
0|55290|2
0|55291|2
0|55293|2
0|55294|2
0|55295|2
0|55297|2
0|55298|2
0|55299|2
0|55300|2
0|55301|2
0|55302|2
0|55303|2
0|55304|2
0|55305|2
0|55306|2
0|55307|2
0|55309|2
0|55310|2
0|55311|2
0|55312|2
0|55313|2
0|55314|2
0|55315|2
0|55316|2
0|55317|2
0|55319|2
0|55321|2
0|55322|2
0|55326|2
0|55327|2
0|55328|2
0|55329|2
0|55333|2
0|55334|2
0|60004|2
0|60007|2
0|60008|2
0|60010|2
0|60011|2
0|60012|2
0|60013|2
0|60015|2
0|60017|2
0|60018|2
0|60023|2
0|60024|2
0|60035|2
0|60038|2
0|60039|2
0|60040|2
0|60041|2
0|60042|2
0|60043|2
0|60044|2
0|60045|2
0|60047|2
0|60048|2
0|60049|2
0|60054|2
0|60055|2
0|60056|2
0|60057|2
0|60059|2
0|60060|2
0|60061|2
0|60062|2
0|60064|2
0|60065|2
0|60066|2
0|60067|2
0|60068|2
0|60069|2
0|60070|2
0|60071|2
0|60073|2
0|60074|2
0|60075|2
0|60076|2
0|60077|2
0|60079|2
0|60081|2
0|60082|2
0|60099|2
0|60120|2
0|60122|2
0|60123|2
0|60124|2
0|60125|2
0|60126|2
0|60127|2
0|60128|2
0|60129|2
0|60130|2
0|60131|2
0|60132|2
0|60133|2
0|60134|2
0|60135|2
0|60136|2
0|60137|2
0|60138|2
0|60139|2
0|60140|2
0|60141|2
0|60142|2
0|60143|2
0|60144|2
0|60145|2
0|60146|2
0|60147|2
0|60148|2
0|60149|2
0|60150|2
0|60151|2
0|60152|2
0|60153|2
0|60154|2
0|60155|2
0|60156|2
0|60162|2
0|60168|2
0|60169|2
0|60170|2
0|60171|2
0|60173|2
0|60177|2
0|60178|2
0|60179|2
0|60180|2
0|60181|2
0|60183|2
0|60184|2
0|60185|2
0|60186|2
0|60190|2
0|60191|2
0|60192|2
0|60194|2
0|60195|2
0|60196|2
0|60197|2
0|60199|2
0|60200|2
0|60201|2
0|60202|2
0|60203|2
0|60204|2
0|60205|2
0|60207|2
0|60209|2
0|60210|2
0|60211|2
0|60212|2
0|60213|2
0|60214|2
0|60215|2
0|60216|2
0|60219|2
0|60220|2
0|60221|2
0|60222|2
0|60223|2
0|60225|2
0|60227|2
0|60228|2
0|60229|2
0|60230|2
0|60231|2
0|60232|2
0|60233|2
0|60234|2
0|60235|2
0|60236|2
0|60237|2
0|60238|2
0|60239|2
0|60241|2
0|60243|2
0|60244|2
0|60245|2
0|60246|2
0|60248|2
0|60249|2
0|60250|2
0|60251|2
0|60252|2
0|60253|2
0|60254|2
0|60255|2
0|60256|2
0|60257|2
0|60258|2
0|60259|2
0|60260|2
0|60263|2
0|60264|2
0|60265|2
0|60266|2
0|60269|2
0|60270|2
0|60271|2
0|60272|2
0|60273|2
0|60274|2
0|60275|2
0|60276|2
0|60277|2
0|60278|2
0|60279|2
0|60280|2
0|60281|2
0|60282|2
0|60283|2
0|60284|2
0|60285|2
0|60286|2
0|60287|2
0|60288|2
0|60290|2
0|60291|2
0|60295|2
0|60296|2
0|60297|2
0|60298|2
0|60300|2
0|60307|2
0|60309|2
0|60316|2
0|60317|2
0|60320|2
0|60321|2
0|60322|2
0|60323|2
0|60341|2
0|60342|2
0|60343|2
0|60347|2
0|60348|2
0|60350|2
0|60352|2
0|60353|2
0|60354|2
0|60355|2
0|60356|2
0|60357|2
0|60358|2
0|60361|2
0|60362|2
0|60363|2
0|60369|2
0|60371|2
0|60372|2
0|60373|2
0|60377|2
0|60378|2
0|60379|2
0|60380|2
0|60381|2
0|60384|2
0|60385|2
0|60386|2
0|60388|2
0|60389|2
0|60390|2
0|60391|2
0|60393|2
0|60394|2
0|60395|2
0|60397|2
0|60398|2
0|60399|2
0|60400|2
0|60401|2
0|60404|2
0|60406|2
0|60408|2
0|60409|2
0|60415|2
0|60416|2
0|60417|2
0|60418|2
0|60419|2
0|60420|2
0|60421|2
0|60423|2
0|60426|2
0|60427|2
0|60439|2
0|60440|2
0|60444|2
0|60445|2
0|60446|2
0|60447|2
0|60449|2
0|60451|2
0|60453|2
0|60458|2
0|60459|2
0|60461|2
0|60463|2
0|60465|2
0|60476|2
0|60477|2
0|60479|2
0|60480|2
0|60481|2
0|60487|2
0|60489|2
0|60490|2
0|60492|2
0|60493|2
0|60494|2
0|60495|2
0|60496|2
0|60497|2
0|60498|2
0|60499|2
0|60500|2
0|60505|2
0|60507|2
0|60508|2
0|60509|2
0|60511|2
0|60512|2
0|60513|2
0|60514|2
0|60515|2
0|60516|2
0|60517|2
0|60518|2
0|60519|2
0|60520|2
0|60526|2
0|60529|2
0|60530|2
0|60532|2
0|60534|2
0|60535|2
0|60536|2
0|60537|2
0|60538|2
0|60539|2
0|60540|2
0|60543|2
0|60545|2
0|60546|2
0|60549|2
0|60550|2
0|60551|2
0|60552|2
0|60553|2
0|60554|2
0|60555|2
0|60556|2
0|60557|2
0|60558|2
0|60559|2
0|60562|2
0|60563|2
0|60564|2
0|60565|2
0|60571|2
0|60574|2
0|60575|2
0|60578|2
0|60579|2
0|60581|2
0|60585|2
0|60586|2
0|60587|2
0|60588|2
0|60590|2
0|60591|2
0|60592|2
0|60598|2
0|60603|2
0|60604|2
0|60605|2
0|60607|2
0|60608|2
0|60609|2
0|60610|2
0|60613|2
0|60614|2
0|60615|2
0|60616|2
0|60617|2
0|60618|2
0|60619|2
0|60621|2
0|60622|2
0|60623|2
0|60624|2
0|60625|2
0|60626|2
0|60627|2
0|60629|2
0|60631|2
0|60632|2
0|60633|2
0|60634|2
0|60639|2
0|60640|2
0|60641|2
0|60642|2
0|60643|2
0|60645|2
0|60648|2
0|60650|2
0|60651|2
0|60652|2
0|60653|2
0|60654|2
0|60655|2
0|60656|2
0|60657|2
0|60659|2
0|60660|2
0|60662|2
0|60667|2
0|60668|2
0|60669|2
0|60670|2
0|60671|2
0|60672|2
0|60673|2
0|60674|2
0|60678|2
0|60682|2
0|60683|2
0|60685|2
0|60686|2
0|60691|2
0|60692|2
0|60693|2
0|60694|2
0|60695|2
0|60696|2
0|60698|2
0|60699|2
0|60700|2
0|60701|2
0|60702|2
0|60703|2
0|60704|2
0|60705|2
0|60706|2
0|60707|2
0|60708|2
0|60709|2
0|60710|2
0|60711|2
0|60712|2
0|60713|2
0|60714|2
0|60715|2
0|60716|2
0|60717|2
0|60718|2
0|60719|2
0|60720|2
0|60721|2
0|60722|2
0|60723|2
0|60724|2
0|60725|2
0|60726|2
0|60727|2
0|60728|2
0|60729|2
0|60730|2
0|60731|2
0|60733|2
0|60735|2
0|60736|2
0|60765|2
0|60769|2
0|60770|2
0|60771|2
0|60772|2
0|60773|2
0|60774|2
0|60775|2
0|60776|2
0|60777|2
0|60779|2
0|60780|2
0|60781|2
0|60783|2
0|60784|2
0|60785|2
0|60786|2
0|60787|2
0|60791|2
0|60792|2
0|60793|2
0|60794|2
0|60795|2
0|60796|2
0|60797|2
0|60798|2
0|60799|2
0|60801|2
0|60803|2
0|60804|2
0|60805|2
0|60806|2
0|60807|2
0|60808|2
0|60809|2
0|60810|2
0|60811|2
0|60812|2
0|60813|2
0|60814|2
0|60815|2
0|60816|2
0|60817|2
0|60818|2
0|60819|2
0|60821|2
0|60822|2
0|60823|2
0|60824|2
0|60825|2
0|60826|2
0|60827|2
0|60828|2
0|60829|2
0|60830|2
0|60831|2
0|60832|2
0|60833|2
0|60834|2
0|60835|2
0|60836|2
0|60837|2
0|60838|2
0|60840|2
0|60841|2
0|60842|2
0|60843|2
0|60844|2
0|60849|2
0|60852|2
0|60861|2
0|60862|2
0|60863|2
0|60864|2
0|60865|2
0|60866|2
0|60869|2
0|60870|2
0|60871|2
0|60872|2
0|60874|2
0|60879|2
0|60881|2
0|60882|2
0|60883|2
0|60884|2
0|60885|2
0|60886|2
0|60887|2
0|60888|2
0|60889|2
0|60890|2
0|60891|2
0|60892|2
0|60893|2
0|60894|2
0|60895|2
0|60896|2
0|60903|2
0|60904|2
0|60906|2
0|60907|2
0|60908|2
0|60909|2
0|60910|2
0|60913|2
0|60914|2
0|60917|2
0|60918|2
0|60919|2
0|60920|2
0|60921|2
0|60922|2
0|60923|2
0|60924|2
0|60925|2
0|60928|2
0|60933|2
0|60934|2
0|60935|2
0|60936|2
0|60937|2
0|60938|2
0|60939|2
0|60940|2
0|60942|2
0|60943|2
0|60945|2
0|60947|2
0|60948|2
0|60949|2
0|60950|2
0|60951|2
0|60952|2
0|60953|2
0|60955|2
0|60961|2
0|60965|2
0|60966|2
0|60967|2
0|60971|2
0|60972|2
0|60973|2
0|60974|2
0|60975|2
0|60976|2
0|60977|2
0|60981|2
0|60982|2
0|60983|2
0|60984|2
0|60985|2
0|60986|2
0|60987|2
0|60988|2
0|60990|2
0|60993|2
0|60994|2
0|60995|2
0|60998|2
0|60999|2
0|61000|2
0|61001|2
0|61006|2
0|61008|2
0|61009|2
0|61010|2
0|61011|2
0|61012|2
0|61013|2
0|61014|2
0|61019|2
0|61020|2
0|61021|2
0|61022|2
0|61023|2
0|61024|2
0|61025|2
0|61026|2
0|61027|2
0|61028|2
0|61029|2
0|61030|2
0|61031|2
0|61032|2
0|61033|2
0|61034|2
0|61035|2
0|61036|2
0|61037|2
0|61038|2
0|61039|2
0|61040|2
0|61041|2
0|61042|2
0|61043|2
0|61044|2
0|61045|2
0|61046|2
0|61048|2
0|61049|2
0|61050|2
0|61051|2
0|61052|2
0|61053|2
0|61054|2
0|61055|2
0|61056|2
0|61057|2
0|61058|2
0|61059|2
0|61060|2
0|61061|2
0|61062|2
0|61064|2
0|61065|2
0|61069|2
0|61075|2
0|61077|2
0|61082|2
0|61083|2
0|61085|2
0|61088|2
0|61089|2
0|61090|2
0|61091|2
0|61093|2
0|61094|2
0|61095|2
0|61096|2
0|61098|2
0|61099|2
0|61100|2
0|61101|2
0|61105|2
0|61106|2
0|61107|2
0|61108|2
0|61109|2
0|61110|2
0|61112|2
0|61114|2
0|61115|2
0|61117|2
0|61118|2
0|61119|2
0|61120|2
0|61121|2
0|61122|2
0|61123|2
0|61124|2
0|61126|2
0|61127|2
0|61128|2
0|61132|2
0|61133|2
0|61135|2
0|61136|2
0|61137|2
0|61138|2
0|61139|2
0|61140|2
0|61141|2
0|61142|2
0|61146|2
0|61148|2
0|61149|2
0|61150|2
0|61151|2
0|61152|2
0|61153|2
0|61154|2
0|61155|2
0|61156|2
0|61157|2
0|61158|2
0|61159|2
0|61161|2
0|61162|2
0|61163|2
0|61164|2
0|61165|2
0|61166|2
0|61167|2
0|61168|2
0|61169|2
0|61170|2
0|61171|2
0|61172|2
0|61174|2
0|61175|2
0|61176|2
0|61178|2
0|61179|2
0|61180|2
0|61181|2
0|61182|2
0|61183|2
0|61184|2
0|61185|2
0|61186|2
0|61187|2
0|61189|2
0|61190|2
0|61191|2
0|61192|2
0|61193|2
0|61194|2
0|61195|2
0|61196|2
0|61197|2
0|61198|2
0|61199|2
0|61200|2
0|61201|2
0|61202|2
0|61203|2
0|61204|2
0|61205|2
0|61206|2
0|61207|2
0|61208|2
0|61209|2
0|61210|2
0|61211|2
0|61212|2
0|61213|2
0|61214|2
0|61215|2
0|61216|2
0|61217|2
0|61218|2
0|61219|2
0|61220|2
0|61221|2
0|61222|2
0|61223|2
0|61224|2
0|61227|2
0|61229|2
0|61230|2
0|61231|2
0|61232|2
0|61233|2
0|61234|2
0|61236|2
0|61237|2
0|61238|2
0|61239|2
0|61240|2
0|61241|2
0|61242|2
0|61243|2
0|61245|2
0|61246|2
0|61247|2
0|61248|2
0|61251|2
0|61252|2
0|61253|2
0|61254|2
0|61257|2
0|61260|2
0|61261|2
0|61262|2
0|61263|2
0|61264|2
0|61266|2
0|61267|2
0|61268|2
0|61269|2
0|61270|2
0|61271|2
0|61272|2
0|61273|2
0|61274|2
0|61275|2
0|61276|2
0|61279|2
0|61280|2
0|61281|2
0|61282|2
0|61283|2
0|61284|2
0|61285|2
0|61286|2
0|61287|2
0|61288|2
0|61289|2
0|61290|2
0|61291|2
0|61293|2
0|61294|2
0|61295|2
0|61296|2
0|61297|2
0|61298|2
0|61299|2
0|61301|2
0|61302|2
0|61303|2
0|61304|2
0|61311|2
0|61312|2
0|61313|2
0|61314|2
0|61315|2
0|61316|2
0|61317|2
0|61318|2
0|61319|2
0|61320|2
0|61321|2
0|61322|2
0|61323|2
0|61324|2
0|61325|2
0|61326|2
0|61327|2
0|61328|2
0|61329|2
0|61330|2
0|61331|2
0|61332|2
0|61333|2
0|61335|2
0|61337|2
0|61339|2
0|61342|2
0|61345|2
0|61346|2
0|61347|2
0|61348|2
0|61349|2
0|61350|2
0|61351|2
0|61352|2
0|61353|2
0|61354|2
0|61355|2
0|61356|2
0|61357|2
0|61358|2
0|61359|2
0|61360|2
0|61361|2
0|61362|2
0|61363|2
0|61364|2
0|61365|2
0|61366|2
0|61367|2
0|61368|2
0|61370|2
0|61375|2
0|61376|2
0|61377|2
0|61378|2
0|61379|2
0|61380|2
0|61381|2
0|61382|2
0|61383|2
0|61384|2
0|61385|2
0|61387|2
0|61390|2
0|61391|2
0|61392|2
0|61393|2
0|61395|2
0|61396|2
0|61397|2
0|61398|2
0|61399|2
0|61400|2
0|61401|2
0|61402|2
0|61403|2
0|61404|2
0|61405|2
0|61406|2
0|61408|2
0|61409|2
0|61412|2
0|61413|2
0|61414|2
0|61415|2
0|61416|2
0|61417|2
0|61418|2
0|61421|2
0|61422|2
0|61423|2
0|61424|2
0|61425|2
0|61427|2
0|61428|2
0|61429|2
0|61432|2
0|61433|2
0|61435|2
0|61436|2
0|61437|2
0|61438|2
0|61439|2
0|61440|2
0|61441|2
0|61442|2
0|61443|2
0|61444|2
0|61445|2
0|61446|2
0|61447|2
0|61449|2
0|61450|2
0|61451|2
0|61452|2
0|61453|2
0|61454|2
0|61455|2
0|61456|2
0|61457|2
0|61458|2
0|61459|2
0|61460|2
0|61461|2
0|61462|2
0|61463|2
0|61464|2
0|61468|2
0|61470|2
0|61471|2
0|61472|2
0|61473|2
0|61474|2
0|61475|2
0|61476|2
0|61477|2
0|61481|2
0|61482|2
0|61485|2
0|61486|2
0|61487|2
0|61490|2
0|61491|2
0|61492|2
0|61493|2
0|61494|2
0|61495|2
0|61496|2
0|61497|2
0|61498|2
0|61499|2
0|61500|2
0|61501|2
0|61502|2
0|61503|2
0|61504|2
0|61505|2
0|61506|2
0|61507|2
0|61508|2
0|61509|2
0|61510|2
0|61511|2
0|61517|2
0|61519|2
0|61520|2
0|61521|2
0|61522|2
0|61524|2
0|61526|2
0|61527|2
0|61528|2
0|61529|2
0|61530|2
0|61531|2
0|61532|2
0|61533|2
0|61534|2
0|61535|2
0|61537|2
0|61538|2
0|61539|2
0|61540|2
0|61541|2
0|61544|2
0|61546|2
0|61547|2
0|61549|2
0|61551|2
0|61552|2
0|61555|2
0|61556|2
0|61557|2
0|61558|2
0|61559|2
0|61560|2
0|61563|2
0|61567|2
0|61568|2
0|61573|2
0|61574|2
0|61575|2
0|61576|2
0|61579|2
0|61580|2
0|61581|2
0|61582|2
0|61583|2
0|61584|2
0|61585|2
0|61587|2
0|61588|2
0|61593|2
0|61594|2
0|61595|2
0|61596|2
0|61597|2
0|61598|2
0|61599|2
0|61600|2
0|61601|2
0|61602|2
0|61603|2
0|61606|2
0|61607|2
0|61611|2
0|61612|2
0|61614|2
0|61615|2
0|61616|2
0|61617|2
0|61618|2
0|61619|2
0|61620|2
0|61621|2
0|61622|2
0|61623|2
0|61624|2
0|61625|2
0|61626|2
0|61627|2
0|61628|2
0|61632|2
0|61633|2
0|61634|2
0|61635|2
0|61636|2
0|61637|2
0|61638|2
0|61641|2
0|61642|2
0|61643|2
0|61645|2
0|61648|2
0|61649|2
0|61651|2
0|61652|2
0|61653|2
0|61654|2
0|61655|2
0|61656|2
0|61657|2
0|61658|2
0|61659|2
0|61660|2
0|61662|2
0|61663|2
0|61664|2
0|61665|2
0|61666|2
0|61667|2
0|61668|2
0|61669|2
0|61670|2
0|61672|2
0|61673|2
0|61674|2
0|61675|2
0|61676|2
0|61678|2
0|61679|2
0|61680|2
0|61688|2
0|61689|2
0|61690|2
0|61691|2
0|61692|2
0|61693|2
0|61695|2
0|61697|2
0|61698|2
0|61699|2
0|61700|2
0|61701|2
0|61702|2
0|61703|2
0|61704|2
0|61705|2
0|61706|2
0|61707|2
0|61708|2
0|61709|2
0|61710|2
0|61711|2
0|61712|2
0|61713|2
0|61714|2
0|61715|2
0|61716|2
0|61717|2
0|61718|2
0|61721|2
0|61722|2
0|61723|2
0|61724|2
0|61725|2
0|61727|2
0|61728|2
0|61730|2
0|61731|2
0|61732|2
0|61733|2
0|61735|2
0|61738|2
0|61739|2
0|61740|2
0|61741|2
0|61742|2
0|61743|2
0|61744|2
0|61745|2
0|61748|2
0|61749|2
0|61750|2
0|61751|2
0|61752|2
0|61753|2
0|61754|2
0|61755|2
0|61756|2
0|61757|2
0|61759|2
0|61760|2
0|61762|2
0|61764|2
0|61766|2
0|61768|2
0|61769|2
0|61770|2
0|61771|2
0|61772|2
0|61774|2
0|61775|2
0|61777|2
0|61779|2
0|61781|2
0|61782|2
0|61783|2
0|61784|2
0|61785|2
0|61788|2
0|61790|2
0|61791|2
0|61792|2
0|61796|2
0|61797|2
0|61799|2
0|61800|2
0|61801|2
0|61802|2
0|61803|2
0|61804|2
0|61805|2
0|61806|2
0|61807|2
0|61808|2
0|61809|2
0|61810|2
0|61812|2
0|61813|2
0|61815|2
0|61819|2
0|61820|2
0|61821|2
0|61824|2
0|61825|2
0|61826|2
0|61827|2
0|61828|2
0|61829|2
0|61830|2
0|61831|2
0|61835|2
0|61836|2
0|61838|2
0|61839|2
0|61840|2
0|61841|2
0|61842|2
0|61843|2
0|61844|2
0|61846|2
0|61848|2
0|61849|2
0|61850|2
0|61851|2
0|61853|2
0|61855|2
0|61856|2
0|61857|2
0|61859|2
0|61860|2
0|61861|2
0|61863|2
0|61865|2
0|61866|2
0|61867|2
0|61868|2
0|61869|2
0|61870|2
0|61871|2
0|61872|2
0|61873|2
0|61875|2
0|61876|2
0|61878|2
0|61882|2
0|61883|2
0|61884|2
0|61885|2
0|61886|2
0|61891|2
0|61893|2
0|61894|2
0|61895|2
0|61896|2
0|61897|2
0|61898|2
0|61899|2
0|61900|2
0|61901|2
0|61902|2
0|61903|2
0|61904|2
0|61905|2
0|61906|2
0|61907|2
0|61908|2
0|61909|2
0|61910|2
0|61913|2
0|61914|2
0|61915|2
0|61916|2
0|61917|2
0|61918|2
0|61919|2
0|61920|2
0|61922|2
0|61923|2
0|61924|2
0|61925|2
0|61926|2
0|61927|2
0|61928|2
0|61929|2
0|61930|2
0|61931|2
0|61932|2
0|61933|2
0|61934|2
0|61935|2
0|61936|2
0|61937|2
0|61938|2
0|61939|2
0|61940|2
0|61941|2
0|61942|2
0|61943|2
0|61944|2
0|61948|2
0|61949|2
0|61951|2
0|61952|2
0|61953|2
0|61954|2
0|61955|2
0|61956|2
0|61957|2
0|61958|2
0|61959|2
0|61960|2
0|61961|2
0|61962|2
0|61963|2
0|61969|2
0|61971|2
0|61972|2
0|61973|2
0|61974|2
0|61975|2
0|61976|2
0|61977|2
0|61978|2
0|61982|2
0|61983|2
0|61984|2
0|61985|2
0|61986|2
0|61987|2
0|61988|2
0|61989|2
0|61990|2
0|61995|2
0|61996|2
0|61997|2
0|61998|2
0|61999|2
0|62000|2
0|62001|2
0|62004|2
0|62005|2
0|62006|2
0|62007|2
0|62008|2
0|62013|2
0|62015|2
0|62016|2
0|62017|2
0|62019|2
0|62020|2
0|62021|2
0|62022|2
0|62025|2
0|62029|2
0|62030|2
0|62031|2
0|62032|2
0|62033|2
0|62034|2
0|62035|2
0|62037|2
0|62038|2
0|62039|2
0|62040|2
0|62041|2
0|62042|2
0|62043|2
0|62044|2
0|62047|2
0|62048|2
0|62049|2
0|62050|2
0|62051|2
0|62052|2
0|62053|2
0|62054|2
0|62055|2
0|62056|2
0|62057|2
0|62058|2
0|62060|2
0|62061|2
0|62062|2
0|62063|2
0|62064|2
0|62065|2
0|62066|2
0|62067|2
0|62068|2
0|62069|2
0|62070|2
0|62071|2
0|62072|2
0|62073|2
0|62074|2
0|62075|2
0|62076|2
0|62077|2
0|62078|2
0|62079|2
0|62080|2
0|62081|2
0|62082|2
0|62083|2
0|62084|2
0|62085|2
0|62086|2
0|62087|2
0|62088|2
0|62090|2
0|62091|2
0|62093|2
0|62094|2
0|62095|2
0|62096|2
0|62097|2
0|62098|2
0|62099|2
0|62100|2
0|62101|2
0|62102|2
0|62103|2
0|62104|2
0|62105|2
0|62106|2
0|62109|2
0|62110|2
0|62111|2
0|62112|2
0|62113|2
0|62114|2
0|62115|2
0|62116|2
0|62118|2
0|62119|2
0|62120|2
0|62121|2
0|62122|2
0|62123|2
0|62124|2
0|62125|2
0|62126|2
0|62127|2
0|62128|2
0|62129|2
0|62130|2
0|62131|2
0|62132|2
0|62133|2
0|62134|2
0|62135|2
0|62136|2
0|62137|2
0|62138|2
0|62139|2
0|62140|2
0|62141|2
0|62142|2
0|62143|2
0|62144|2
0|62145|2
0|62146|2
0|62147|2
0|62148|2
0|62149|2
0|62150|2
0|62151|2
0|62152|2
0|62153|2
0|62154|2
0|62155|2
0|62156|2
0|62157|2
0|62158|2
0|62159|2
0|62160|2
0|62161|2
0|62162|2
0|62163|2
0|62164|2
0|62165|2
0|62166|2
0|62167|2
0|62168|2
0|62169|2
0|62170|2
0|62171|2
0|62172|2
0|62173|2
0|62174|2
0|62175|2
0|62176|2
0|62177|2
0|62178|2
0|62179|2
0|62180|2
0|62181|2
0|62183|2
0|62184|2
0|62185|2
0|62188|2
0|62189|2
0|62190|2
0|62193|2
0|62194|2
0|62195|2
0|62196|2
0|62197|2
0|62198|2
0|62200|2
0|62201|2
0|62202|2
0|62203|2
0|62204|2
0|62205|2
0|62206|2
0|62207|2
0|62208|2
0|62209|2
0|62210|2
0|62211|2
0|62212|2
0|62213|2
0|62214|2
0|62215|2
0|62216|2
0|62217|2
0|62218|2
0|62219|2
0|62220|2
0|62221|2
0|62222|2
0|62223|2
0|62224|2
0|62225|2
0|62226|2
0|62227|2
0|62229|2
0|62230|2
0|62231|2
0|62233|2
0|62234|2
0|62236|2
0|62237|2
0|62238|2
0|62239|2
0|62240|2
0|62242|2
0|62243|2
0|62244|2
0|62245|2
0|62246|2
0|62247|2
0|62248|2
0|62249|2
0|62250|2
0|62251|2
0|62252|2
0|62253|2
0|62254|2
0|62255|2
0|62256|2
0|62257|2
0|62258|2
0|62259|2
0|62260|2
0|62261|2
0|62262|2
0|62263|2
0|62264|2
0|62265|2
0|62266|2
0|62267|2
0|62275|2
0|62276|2
0|62277|2
0|62279|2
0|62283|2
0|62284|2
0|62285|2
0|62286|2
0|62287|2
0|62288|2
0|62289|2
0|62290|2
0|62291|2
0|62292|2
0|62293|2
0|62294|2
0|62295|2
0|62296|2
0|62297|2
0|62299|2
0|62300|2
0|62302|2
0|62303|2
0|62304|2
0|62305|2
0|62306|2
0|62307|2
0|62308|2
0|62309|2
0|62310|2
0|62311|2
0|62312|2
0|62313|2
0|62314|2
0|62315|2
0|62316|2
0|62317|2
0|62318|2
0|62319|2
0|62320|2
0|62321|2
0|62322|2
0|62323|2
0|62324|2
0|62325|2
0|62327|2
0|62328|2
0|62329|2
0|62330|2
0|62331|2
0|62332|2
0|62333|2
0|62334|2
0|62335|2
0|62336|2
0|62337|2
0|62338|2
0|62339|2
0|62340|2
0|62341|2
0|62342|2
0|62343|2
0|62344|2
0|62345|2
0|62346|2
0|62347|2
0|62348|2
0|62349|2
0|62350|2
0|62352|2
0|62353|2
0|62354|2
0|62355|2
0|62356|2
0|62357|2
0|62358|2
0|62359|2
0|62360|2
0|62361|2
0|62362|2
0|62364|2
0|62365|2
0|62366|2
0|62367|2
0|62368|2
0|62369|2
0|62370|2
0|62371|2
0|62372|2
0|62373|2
0|62375|2
0|62376|2
0|62377|2
0|62378|2
0|62383|2
0|62384|2
0|62385|2
0|62386|2
0|62389|2
0|62391|2
0|62392|2
0|62393|2
0|62394|2
0|62395|2
0|62396|2
0|62397|2
0|62398|2
0|62399|2
0|62401|2
0|62402|2
0|62403|2
0|62404|2
0|62405|2
0|62406|2
0|62407|2
0|62409|2
0|62410|2
0|62411|2
0|62412|2
0|62415|2
0|62416|2
0|62417|2
0|62418|2
0|62419|2
0|62420|2
0|62422|2
0|62423|2
0|62424|2
0|62426|2
0|62427|2
0|62428|2
0|62429|2
0|62430|2
0|62431|2
0|62432|2
0|62433|2
0|62434|2
0|62435|2
0|62436|2
0|62437|2
0|62438|2
0|62439|2
0|62440|2
0|62441|2
0|62442|2
0|62443|2
0|62444|2
0|62445|2
0|62446|2
0|62447|2
0|62448|2
0|62449|2
0|62450|2
0|62451|2
0|62452|2
0|62453|2
0|62454|2
0|62455|2
0|62456|2
0|62457|2
0|62458|2
0|62459|2
0|62460|2
0|62461|2
0|62462|2
0|62463|2
0|62464|2
0|62465|2
0|62466|2
0|62467|2
0|62468|2
0|62469|2
0|62470|2
0|62471|2
0|62472|2
0|62473|2
0|62474|2
0|62475|2
0|62476|2
0|62477|2
0|62478|2
0|62479|2
0|62480|2
0|62481|2
0|62482|2
0|62483|2
0|62484|2
0|62485|2
0|62487|2
0|62488|2
0|62489|2
0|62490|2
0|62491|2
0|62492|2
0|62493|2
0|62494|2
0|62495|2
0|62496|2
0|62497|2
0|62498|2
0|62499|2
0|62500|2
0|62501|2
0|62502|2
0|62503|2
0|62504|2
0|62505|2
0|62506|2
0|62507|2
0|62508|2
0|62509|2
0|62510|2
0|62511|2
0|62512|2
0|62513|2
0|62515|2
0|62516|2
0|62517|2
0|62518|2
0|62519|2
0|62520|2
0|62521|2
0|62522|2
0|62523|2
0|62524|2
0|62525|2
0|62526|2
0|62527|2
0|62528|2
0|62529|2
0|62530|2
0|62531|2
0|62532|2
0|62533|2
0|62534|2
0|62536|2
0|62537|2
0|62538|2
0|62539|2
0|62540|2
0|62541|2
0|62542|2
0|62543|2
0|62544|2
0|62545|2
0|62546|2
0|62547|2
0|62548|2
0|62549|2
0|62551|2
0|62552|2
0|62553|2
0|62558|2
0|62559|2
0|62560|2
0|62561|2
0|62562|2
0|62564|2
0|62565|2
0|62566|2
0|62568|2
0|62569|2
0|62570|2
0|62571|2
0|62573|2
0|62574|2
0|62575|2
0|62576|2
0|62577|2
0|62578|2
0|62579|2
0|62581|2
0|62583|2
0|62585|2
0|62586|2
0|62587|2
0|62588|2
0|62589|2
0|62590|2
0|62591|2
0|62592|2
0|62593|2
0|62594|2
0|62595|2
0|62596|2
0|62597|2
0|62598|2
0|62599|2
0|62600|2
0|62601|2
0|62602|2
0|62603|2
0|62604|2
0|62605|2
0|62606|2
0|62607|2
0|62608|2
0|62609|2
0|62611|2
0|62612|2
0|62613|2
0|62615|2
0|62616|2
0|62617|2
0|62618|2
0|62619|2
0|62620|2
0|62623|2
0|62624|2
0|62625|2
0|62626|2
0|62627|2
0|62628|2
0|62629|2
0|62630|2
0|62631|2
0|62632|2
0|62633|2
0|62634|2
0|62635|2
0|62636|2
0|62637|2
0|62638|2
0|62639|2
0|62642|2
0|62643|2
0|62644|2
0|62645|2
0|62646|2
0|62647|2
0|62648|2
0|62649|2
0|62650|2
0|62651|2
0|62652|2
0|62653|2
0|62654|2
0|62656|2
0|62657|2
0|62658|2
0|62659|2
0|62662|2
0|62663|2
0|62664|2
0|62665|2
0|62666|2
0|62667|2
0|62668|2
0|62669|2
0|62674|2
0|62675|2
0|62676|2
0|62677|2
0|62678|2
0|62679|2
0|62680|2
0|62681|2
0|62682|2
0|62683|2
0|62684|2
0|62694|2
0|62695|2
0|62696|2
0|62699|2
0|62700|2
0|62701|2
0|62703|2
0|62704|2
0|62705|2
0|62706|2
0|62707|2
0|62708|2
0|62709|2
0|62710|2
0|62711|2
0|62712|2
0|62713|2
0|62714|2
0|62716|2
0|62721|2
0|62722|2
0|62723|2
0|62724|2
0|62725|2
0|62728|2
0|62729|2
0|62730|2
0|62731|2
0|62732|2
0|62733|2
0|62734|2
0|62735|2
0|62736|2
0|62737|2
0|62738|2
0|62739|2
0|62740|2
0|62741|2
0|62742|2
0|62743|2
0|62744|2
0|62745|2
0|62747|2
0|62749|2
0|62751|2
0|62752|2
0|62753|2
0|62754|2
0|62755|2
0|62756|2
0|62757|2
0|62758|2
0|62759|2
0|62760|2
0|62761|2
0|62762|2
0|62763|2
0|62764|2
0|62765|2
0|62766|2
0|62767|2
0|62768|2
0|62769|2
0|62770|2
0|62771|2
0|62772|2
0|62773|2
0|62774|2
0|62775|2
0|62776|2
0|62777|2
0|62778|2
0|62779|2
0|62780|2
0|62781|2
0|62782|2
0|62783|2
0|62784|2
0|62785|2
0|62786|2
0|62787|2
0|62788|2
0|62789|2
0|62790|2
0|62791|2
0|62792|2
0|62793|2
0|62794|2
0|62795|2
0|62796|2
0|62797|2
0|62798|2
0|62799|2
0|62800|2
0|62801|2
0|62802|2
0|62803|2
0|62804|2
0|62805|2
0|62806|2
0|62807|2
0|62808|2
0|62809|2
0|62810|2
0|62811|2
0|62812|2
0|62813|2
0|62814|2
0|62815|2
0|62816|2
0|62817|2
0|62819|2
0|62820|2
0|62822|2
0|62823|2
0|62824|2
0|62825|2
0|62826|2
0|62827|2
0|62828|2
0|62829|2
0|62830|2
0|62831|2
0|62832|2
0|62833|2
0|62834|2
0|62835|2
0|62836|2
0|62837|2
0|62838|2
0|62839|2
0|62840|2
0|62841|2
0|62842|2
0|62843|2
0|62844|2
0|62845|2
0|62846|2
0|62847|2
0|62848|2
0|62849|2
0|62850|2
0|62851|2
0|62852|2
0|62853|2
0|62854|2
0|62855|2
0|62856|2
0|62857|2
0|62858|2
0|62859|2
0|62860|2
0|62861|2
0|62862|2
0|62863|2
0|62864|2
0|62865|2
0|62866|2
0|62867|2
0|62868|2
0|62869|2
0|62870|2
0|62871|2
0|62872|2
0|62874|2
0|62875|2
0|62876|2
0|62877|2
0|62878|2
0|62879|2
0|62880|2
0|62881|2
0|62882|2
0|62883|2
0|62884|2
0|62885|2
0|62886|2
0|62887|2
0|62888|2
0|62889|2
0|62890|2
0|62891|2
0|62892|2
0|62893|2
0|62894|2
0|62895|2
0|62896|2
0|62897|2
0|62898|2
0|62899|2
0|62900|2
0|62901|2
0|62902|2
0|62903|2
0|62904|2
0|62905|2
0|62906|2
0|62907|2
0|62908|2
0|62909|2
0|62910|2
0|62911|2
0|62912|2
0|62913|2
0|62914|2
0|62915|2
0|62916|2
0|62917|2
0|62918|2
0|62919|2
0|62920|2
0|62921|2
0|62922|2
0|62923|2
0|62924|2
0|62925|2
0|62926|2
0|62928|2
0|62929|2
0|62930|2
0|62931|2
0|62932|2
0|62933|2
0|62934|2
0|62935|2
0|62936|2
0|62937|2
0|62938|2
0|62939|2
0|62940|2
0|62941|2
0|62942|2
0|62943|2
0|62944|2
0|62945|2
0|62946|2
0|62947|2
0|62948|2
0|62949|2
0|62950|2
0|62951|2
0|62952|2
0|62953|2
0|62954|2
0|62955|2
0|62956|2
0|62957|2
0|62958|2
0|62959|2
0|62960|2
0|62961|2
0|62962|2
0|62963|2
0|62964|2
0|62965|2
0|62966|2
0|62967|2
0|62968|2
0|62969|2
0|62970|2
0|62971|2
0|62972|2
0|62973|2
0|62974|2
0|62975|2
0|62976|2
0|62977|2
0|62978|2
0|62979|2
0|62980|2
0|62981|2
0|62982|2
0|62983|2
0|62986|2
0|62987|2
0|62988|2
0|62989|2
0|62991|2
0|62992|2
0|62993|2
0|62994|2
0|62995|2
0|62996|2
0|62997|2
0|62998|2
0|62999|2
0|63000|2
0|63001|2
0|63002|2
0|63003|2
0|63004|2
0|63005|2
0|63006|2
0|63007|2
0|63008|2
0|63009|2
0|63010|2
0|63011|2
0|63012|2
0|63013|2
0|63014|2
0|63015|2
0|63016|2
0|63017|2
0|63018|2
0|63019|2
0|63020|2
0|63021|2
0|63022|2
0|63023|2
0|63024|2
0|63025|2
0|63026|2
0|63028|2
0|63029|2
0|63030|2
0|63031|2
0|63032|2
0|63033|2
0|63034|2
0|63035|2
0|63036|2
0|63037|2
0|63038|2
0|63039|2
0|63040|2
0|63041|2
0|63042|2
0|63043|2
0|63044|2
0|63045|2
0|63046|2
0|63047|2
0|63048|2
0|63049|2
0|63050|2
0|63051|2
0|63052|2
0|63053|2
0|63054|2
0|63055|2
0|63056|2
0|63057|2
0|63058|2
0|63059|2
0|63060|2
0|63061|2
0|63062|2
0|63063|2
0|63064|2
0|63065|2
0|63066|2
0|63067|2
0|63068|2
0|63069|2
0|63070|2
0|63071|2
0|63072|2
0|63073|2
0|63074|2
0|63075|2
0|63076|2
0|63077|2
0|63078|2
0|63079|2
0|63080|2
0|63081|2
0|63082|2
0|63083|2
0|63084|2
0|63085|2
0|63086|2
0|63087|2
0|63088|2
0|63089|2
0|63090|2
0|63091|2
0|63092|2
0|63093|2
0|63094|2
0|63095|2
0|63096|2
0|63097|2
0|63098|2
0|63099|2
0|63100|2
0|63101|2
0|63102|2
0|63103|2
0|63104|2
0|63105|2
0|63106|2
0|63107|2
0|63108|2
0|63109|2
0|63110|2
0|63111|2
0|63112|2
0|63113|2
0|63114|2
0|63115|2
0|63116|2
0|63117|2
0|63118|2
0|63119|2
0|63120|2
0|63121|2
0|63122|2
0|63123|2
0|63124|2
0|63125|2
0|63128|2
0|63129|2
0|63130|2
0|63131|2
0|63132|2
0|63133|2
0|63134|2
0|63135|2
0|63136|2
0|63137|2
0|63138|2
0|63139|2
0|63140|2
0|63141|2
0|63142|2
0|63143|2
0|63144|2
0|63145|2
0|63147|2
0|63148|2
0|63149|2
0|63150|2
0|63151|2
0|63152|2
0|63153|2
0|63154|2
0|63155|2
0|63156|2
0|63157|2
0|63158|2
0|63159|2
0|63160|2
0|63161|2
0|63162|2
0|63163|2
0|63164|2
0|63165|2
0|63166|2
0|63167|2
0|63169|2
0|63170|2
0|63171|2
0|63172|2
0|63173|2
0|63174|2
0|63175|2
0|63176|2
0|63177|2
0|63178|2
0|63179|2
0|63180|2
0|63181|2
0|63182|2
0|63183|2
0|63184|2
0|63185|2
0|63186|2
0|63187|2
0|63188|2
0|63189|2
0|63190|2
0|63191|2
0|63192|2
0|63193|2
0|63194|2
0|63195|2
0|63196|2
0|63197|2
0|63198|2
0|63199|2
0|63200|2
0|63201|2
0|63202|2
0|63203|2
0|63204|2
0|63205|2
0|63206|2
0|63207|2
0|63208|2
0|63209|2
0|63210|2
0|63211|2
0|63212|2
0|63213|2
0|63214|2
0|63215|2
0|63216|2
0|63217|2
0|63218|2
0|63219|2
0|63220|2
0|63221|2
0|63222|2
0|63223|2
0|63224|2
0|63225|2
0|63226|2
0|63227|2
0|63228|2
0|63229|2
0|63230|2
0|63231|2
0|63232|2
0|63233|2
0|63234|2
0|63235|2
0|63236|2
0|63237|2
0|63238|2
0|63239|2
0|63240|2
0|63241|2
0|63242|2
0|63243|2
0|63244|2
0|63245|2
0|63246|2
0|63247|2
0|63248|2
0|63249|2
0|63250|2
0|63251|2
0|63252|2
0|63253|2
0|63254|2
0|63255|2
0|63257|2
0|63258|2
0|63259|2
0|63260|2
0|63261|2
0|63262|2
0|63263|2
0|63264|2
0|63265|2
0|63266|2
0|63267|2
0|63268|2
0|63269|2
0|63270|2
0|63271|2
0|63272|2
0|63273|2
0|63274|2
0|63275|2
0|63276|2
0|63277|2
0|63278|2
0|63279|2
0|63280|2
0|63281|2
0|63282|2
0|63283|2
0|63284|2
0|63285|2
0|63286|2
0|63287|2
0|63288|2
0|63289|2
0|63290|2
0|63291|2
0|63292|2
0|63293|2
0|63294|2
0|63295|2
0|63296|2
0|63297|2
0|63298|2
0|63299|2
0|63300|2
0|63301|2
0|63302|2
0|63303|2
0|63304|2
0|63305|2
0|63306|2
0|63307|2
0|63308|2
0|63309|2
0|63310|2
0|63311|2
0|63312|2
0|63313|2
0|63314|2
0|63315|2
0|63316|2
0|63317|2
0|63318|2
0|63319|2
0|63320|2
0|63321|2
0|63322|2
0|63323|2
0|63324|2
0|63325|2
0|63326|2
0|63327|2
0|63328|2
0|63329|2
0|63331|2
0|63332|2
0|63333|2
0|63334|2
0|63335|2
0|63336|2
0|63337|2
0|63338|2
0|63339|2
0|63340|2
0|63341|2
0|63342|2
0|63343|2
0|63345|2
0|63346|2
0|63347|2
0|63348|2
0|63349|2
0|63350|2
0|63351|2
0|63352|2
0|63353|2
0|63354|2
0|63355|2
0|63356|2
0|63357|2
0|63358|2
0|63359|2
0|63360|2
0|63361|2
0|63362|2
0|63363|2
0|63364|2
0|63365|2
0|63366|2
0|63367|2
0|63368|2
0|63369|2
0|63370|2
0|63371|2
0|63372|2
0|63373|2
0|63374|2
0|63375|2
0|63376|2
0|63379|2
0|63380|2
0|63381|2
0|63382|2
0|63383|2
0|63384|2
0|63385|2
0|63386|2
0|63387|2
0|63388|2
0|63389|2
0|63390|2
0|63391|2
0|63392|2
0|63393|2
0|63394|2
0|63395|2
0|63396|2
0|63397|2
0|63398|2
0|63399|2
0|63400|2
0|63401|2
0|63402|2
0|63403|2
0|63404|2
0|63405|2
0|63406|2
0|63407|2
0|63408|2
0|63409|2
0|63410|2
0|63411|2
0|63412|2
0|63413|2
0|63414|2
0|63415|2
0|63416|2
0|63417|2
0|63418|2
0|63419|2
0|63420|2
0|63421|2
0|63422|2
0|63423|2
0|63424|2
0|63425|2
0|63426|2
0|63427|2
0|63428|2
0|63429|2
0|63430|2
0|63431|2
0|63432|2
0|63433|2
0|63434|2
0|63435|2
0|63436|2
0|63437|2
0|63438|2
0|63439|2
0|63440|2
0|63441|2
0|63442|2
0|63443|2
0|63444|2
0|63445|2
0|63446|2
0|63447|2
0|63448|2
0|63449|2
0|63450|2
0|63451|2
0|63452|2
0|63453|2
0|63454|2
0|63455|2
0|63456|2
0|63457|2
0|63458|2
0|63459|2
0|63460|2
0|63461|2
0|63462|2
0|63463|2
0|63464|2
0|63466|2
0|63467|2
0|63468|2
0|63469|2
0|63470|2
0|63471|2
0|63472|2
0|63473|2
0|63474|2
0|63475|2
0|63476|2
0|63477|2
0|63478|2
0|63479|2
0|63480|2
0|63481|2
0|63482|2
0|63483|2
0|63484|2
0|63485|2
0|63486|2
0|63487|2
0|63488|2
0|63490|2
0|63491|2
0|63492|2
0|63493|2
0|63494|2
0|63495|2
0|63496|2
0|63497|2
0|63498|2
0|63499|2
0|63500|2
0|63501|2
0|63502|2
0|63503|2
0|63504|2
0|63505|2
0|63506|2
0|63507|2
0|63508|2
0|63511|2
0|63512|2
0|63513|2
0|63514|2
0|63515|2
0|63517|2
0|63518|2
0|63519|2
0|63520|2
0|63521|2
0|63522|2
0|63523|2
0|63524|2
0|63525|2
0|63526|2
0|63527|2
0|63528|2
0|63529|2
0|63530|2
0|63531|2
0|63532|2
0|63533|2
0|63534|2
0|63535|2
0|63536|2
0|63537|2
0|63538|2
0|63539|2
0|63540|2
0|63541|2
0|63542|2
0|63543|2
0|63544|2
0|63545|2
0|63546|2
0|63547|2
0|63548|2
0|63549|2
0|63550|2
0|63551|2
0|63552|2
0|63553|2
0|63555|2
0|63556|2
0|63557|2
0|63558|2
0|63559|2
0|63560|2
0|63561|2
0|63562|2
0|63563|2
0|63564|2
0|63565|2
0|63566|2
0|63567|2
0|63568|2
0|63569|2
0|63570|2
0|63571|2
0|63572|2
0|63573|2
0|63574|2
0|63575|2
0|63576|2
0|63577|2
0|63578|2
0|63579|2
0|63580|2
0|63581|2
0|63582|2
0|63583|2
0|63584|2
0|63585|2
0|63586|2
0|63587|2
0|63588|2
0|63589|2
0|63590|2
0|63591|2
0|63592|2
0|63593|2
0|63594|2
0|63595|2
0|63596|2
0|63597|2
0|63598|2
0|63599|2
0|63600|2
0|63601|2
0|63602|2
0|63603|2
0|63604|2
0|63605|2
0|63606|2
0|63607|2
0|63608|2
0|63609|2
0|63610|2
0|63611|2
0|63612|2
0|63613|2
0|63614|2
0|63615|2
0|63616|2
0|63617|2
0|63618|2
0|63619|2
0|63620|2
0|63621|2
0|63622|2
0|63623|2
0|63624|2
0|63626|2
0|63627|2
0|63628|2
0|63629|2
0|63630|2
0|63631|2
0|63632|2
0|63633|2
0|63634|2
0|63635|2
0|63636|2
0|63637|2
0|63638|2
0|63639|2
0|63640|2
0|63642|2
0|63643|2
0|63644|2
0|63645|2
0|63646|2
0|63647|2
0|63648|2
0|63649|2
0|63650|2
0|63651|2
0|63652|2
0|63653|2
0|63654|2
0|63655|2
0|63656|2
0|63657|2
0|63658|2
0|63659|2
0|63660|2
0|63661|2
0|63662|2
0|63663|2
0|63664|2
0|63665|2
0|63666|2
0|63667|2
0|63668|2
0|63669|2
0|63670|2
0|63671|2
0|63672|2
0|63673|2
0|63674|2
0|63675|2
0|63676|2
0|63677|2
0|63678|2
0|63679|2
0|63680|2
0|63681|2
0|63682|2
0|63683|2
0|63684|2
0|63685|2
0|63686|2
0|63687|2
0|63688|2
0|63689|2
0|63690|2
0|63691|2
0|63692|2
0|63693|2
0|63694|2
0|63695|2
0|63696|2
0|63697|2
0|63698|2
0|63699|2
0|63700|2
0|63701|2
0|63702|2
0|63703|2
0|63704|2
0|63705|2
0|63706|2
0|63707|2
0|63708|2
0|63709|2
0|63710|2
0|63711|2
0|63712|2
0|63713|2
0|63714|2
0|63715|2
0|63716|2
0|63717|2
0|63718|2
0|63719|2
0|63720|2
0|63721|2
0|63722|2
0|63723|2
0|63724|2
0|63725|2
0|63726|2
0|63727|2
0|63728|2
0|63729|2
0|63730|2
0|63731|2
0|63732|2
0|63733|2
0|63734|2
0|63735|2
0|63736|2
0|63737|2
0|63738|2
0|63739|2
0|63740|2
0|63741|2
0|63742|2
0|63743|2
0|63744|2
0|63745|2
0|63746|2
0|63747|2
0|63748|2
0|63749|2
0|63750|2
0|63751|2
0|63752|2
0|63753|2
0|63754|2
0|63755|2
0|63756|2
0|63757|2
0|63758|2
0|63759|2
0|63760|2
0|63761|2
0|63762|2
0|63763|2
0|63764|2
0|63765|2
0|63766|2
0|63767|2
0|63768|2
0|63769|2
0|63770|2
0|63771|2
0|63772|2
0|63773|2
0|63774|2
0|63776|2
0|63777|2
0|63778|2
0|63780|2
0|63781|2
0|63782|2
0|63783|2
0|63784|2
0|63785|2
0|63786|2
0|63787|2
0|63788|2
0|63789|2
0|63790|2
0|63791|2
0|63792|2
0|63793|2
0|63794|2
0|63795|2
0|63796|2
0|63797|2
0|63798|2
0|63799|2
0|63800|2
0|63801|2
0|63802|2
0|63803|2
0|63804|2
0|63805|2
0|63806|2
0|63807|2
0|63808|2
0|63809|2
0|63810|2
0|63811|2
0|63812|2
0|63813|2
0|63814|2
0|63815|2
0|63816|2
0|63817|2
0|63818|2
0|63819|2
0|63820|2
0|63821|2
0|63822|2
0|63823|2
0|63824|2
0|63825|2
0|63826|2
0|63827|2
0|63828|2
0|63829|2
0|63830|2
0|63831|2
0|63832|2
0|63833|2
0|63834|2
0|63835|2
0|63836|2
0|63837|2
0|63838|2
0|63839|2
0|63840|2
0|63841|2
0|63842|2
0|63843|2
0|63844|2
0|63845|2
0|63846|2
0|63847|2
0|63848|2
0|63849|2
0|63850|2
0|63851|2
0|63852|2
0|63853|2
0|63854|2
0|63855|2
0|63856|2
0|63857|2
0|63858|2
0|63859|2
0|63860|2
0|63861|2
0|63862|2
0|63863|2
0|63864|2
0|63865|2
0|63866|2
0|63867|2
0|63868|2
0|63869|2
0|63870|2
0|63871|2
0|63872|2
0|63873|2
0|63874|2
0|63875|2
0|63876|2
0|63877|2
0|63878|2
0|63879|2
0|63880|2
0|63881|2
0|63882|2
0|63883|2
0|63884|2
0|63885|2
0|63886|2
0|63887|2
0|63888|2
0|63889|2
0|63890|2
0|63891|2
0|63892|2
0|63893|2
0|63894|2
0|63895|2
0|63896|2
0|63897|2
0|63898|2
0|63899|2
0|63900|2
0|63901|2
0|63902|2
0|63903|2
0|63904|2
0|63905|2
0|63906|2
0|63907|2
0|63908|2
0|63909|2
0|63910|2
0|63911|2
0|63912|2
0|63913|2
0|63914|2
0|63915|2
0|63916|2
0|63917|2
0|63918|2
0|63919|2
0|63920|2
0|63921|2
0|63922|2
0|63923|2
0|63924|2
0|63925|2
0|63926|2
0|63927|2
0|63928|2
0|63929|2
0|63930|2
0|63931|2
0|63932|2
0|63933|2
0|63934|2
0|63935|2
0|63936|2
0|63937|2
0|63938|2
0|63939|2
0|63940|2
0|63941|2
0|63942|2
0|63943|2
0|63944|2
0|63945|2
0|63946|2
0|63947|2
0|63948|2
0|63949|2
0|63950|2
0|63951|2
0|63952|2
0|63953|2
0|63954|2
0|63955|2
0|63956|2
0|63957|2
0|63958|2
0|63959|2
0|63960|2
0|63961|2
0|63962|2
0|63963|2
0|63964|2
0|63965|2
0|63966|2
0|63967|2
0|63968|2
0|63969|2
0|63970|2
0|63971|2
0|63972|2
0|63973|2
0|63974|2
0|63975|2
0|63976|2
0|63977|2
0|63978|2
0|63979|2
0|63980|2
0|63981|2
0|63982|2
0|63983|2
0|63984|2
0|63985|2
0|63986|2
0|63987|2
0|63988|2
0|63989|2
0|63990|2
0|63991|2
0|63992|2
0|63993|2
0|63994|2
0|63995|2
0|63996|2
0|63997|2
0|63998|2
0|63999|2
0|64000|2
0|64001|2
0|64002|2
0|64003|2
0|64004|2
0|64005|2
0|64006|2
0|64007|2
0|64008|2
0|64009|2
0|64010|2
0|64011|2
0|64012|2
0|64013|2
0|64014|2
0|64015|2
0|64016|2
0|64017|2
0|64018|2
0|64019|2
0|64020|2
0|64021|2
0|64022|2
0|64023|2
0|64024|2
0|64025|2
0|64026|2
0|64027|2
0|64028|2
0|64029|2
0|64030|2
0|64031|2
0|64032|2
0|64033|2
0|64034|2
0|64035|2
0|64036|2
0|64037|2
0|64038|2
0|64039|2
0|64040|2
0|64041|2
0|64042|2
0|64043|2
0|64044|2
0|64045|2
0|64046|2
0|64047|2
0|64048|2
0|64049|2
0|64050|2
0|64051|2
0|64052|2
0|64053|2
0|64054|2
0|64055|2
0|64056|2
0|64057|2
0|64058|2
0|64059|2
0|64060|2
0|64061|2
0|64062|2
0|64063|2
0|64064|2
0|64065|2
0|64066|2
0|64067|2
0|64068|2
0|64069|2
0|64070|2
0|64071|2
0|64072|2
0|64073|2
0|64074|2
0|64075|2
0|64076|2
0|64077|2
0|64078|2
0|64079|2
0|64080|2
0|64081|2
0|64082|2
0|64083|2
0|64084|2
0|64085|2
0|64086|2
0|64087|2
0|64088|2
0|64091|2
0|64092|2
0|64093|2
0|64094|2
0|64095|2
0|64096|2
0|64097|2
0|64098|2
0|64099|2
0|64100|2
0|64101|2
0|64102|2
0|64103|2
0|64104|2
0|64105|2
0|64106|2
0|64107|2
0|64108|2
0|64109|2
0|64110|2
0|64111|2
0|64112|2
0|64113|2
0|64114|2
0|64115|2
0|64116|2
0|64117|2
0|64118|2
0|64119|2
0|64120|2
0|64121|2
0|64122|2
0|64123|2
0|64124|2
0|64125|2
0|64126|2
0|64127|2
0|64128|2
0|64129|2
0|64130|2
0|64131|2
0|64132|2
0|64133|2
0|64134|2
0|64135|2
0|64136|2
0|64137|2
0|64139|2
0|64140|2
0|64141|2
0|64142|2
0|64143|2
0|64144|2
0|64145|2
0|64146|2
0|64147|2
0|64148|2
0|64149|2
0|64150|2
0|64151|2
0|64152|2
0|64153|2
0|64154|2
0|64155|2
0|64156|2
0|64157|2
0|64158|2
0|64159|2
0|64160|2
0|64161|2
0|64162|2
0|64163|2
0|64164|2
0|64165|2
0|64166|2
0|64167|2
0|64168|2
0|64169|2
0|64171|2
0|64172|2
0|64173|2
0|64174|2
0|64175|2
0|64176|2
0|64177|2
0|64178|2
0|64179|2
0|64180|2
0|64181|2
0|64182|2
0|64183|2
0|64184|2
0|64185|2
0|64186|2
0|64187|2
0|64188|2
0|64189|2
0|64190|2
0|64191|2
0|64192|2
0|64193|2
0|64194|2
0|64195|2
0|64196|2
0|64197|2
0|64198|2
0|64199|2
0|64200|2
0|64201|2
0|64202|2
0|64203|2
0|64204|2
0|64205|2
0|64206|2
0|64207|2
0|64208|2
0|64209|2
0|64210|2
0|64211|2
0|64212|2
0|64213|2
0|64214|2
0|64215|2
0|64216|2
0|64217|2
0|64218|2
0|64219|2
0|64220|2
0|64221|2
0|64222|2
0|64223|2
0|64224|2
0|64225|2
0|64226|2
0|64227|2
0|64228|2
0|64229|2
0|64230|2
0|64231|2
0|64232|2
0|64233|2
0|64234|2
0|64235|2
0|64236|2
0|64237|2
0|64238|2
0|64239|2
0|64240|2
0|64241|2
0|64242|2
0|64243|2
0|64244|2
0|64245|2
0|64246|2
0|64247|2
0|64248|2
0|64249|2
0|64250|2
0|64251|2
0|64252|2
0|64253|2
0|64254|2
0|64255|2
0|64256|2
0|64257|2
0|64258|2
0|64259|2
0|64260|2
0|64261|2
0|64262|2
0|64263|2
0|64264|2
0|64265|2
0|64266|2
0|64267|2
0|64268|2
0|64269|2
0|64270|2
0|64271|2
0|64272|2
0|64273|2
0|64274|2
0|64275|2
0|64276|2
0|64277|2
0|64278|2
0|64279|2
0|64280|2
0|64281|2
0|64282|2
0|64283|2
0|64284|2
0|64285|2
0|64286|2
0|64287|2
0|64288|2
0|64289|2
0|64290|2
0|64291|2
0|64292|2
0|64293|2
0|64294|2
0|64295|2
0|64296|2
0|64297|2
0|64298|2
0|64300|2
0|64301|2
0|64302|2
0|64303|2
0|64304|2
0|64305|2
0|64306|2
0|64307|2
0|64308|2
0|64309|2
0|64310|2
0|64311|2
0|64312|2
0|64313|2
0|64314|2
0|64315|2
0|64316|2
0|64317|2
0|64318|2
0|64319|2
0|64320|2
0|64321|2
0|64322|2
0|64323|2
0|64324|2
0|64325|2
0|64326|2
0|64327|2
0|64328|2
0|64329|2
0|64330|2
0|64333|2
0|64334|2
0|64335|2
0|64336|2
0|64337|2
0|64338|2
0|64339|2
0|64341|2
0|64342|2
0|64343|2
0|64344|2
0|64345|2
0|64346|2
0|64347|2
0|64348|2
0|64350|2
0|64351|2
0|64352|2
0|64353|2
0|64354|2
0|64355|2
0|64357|2
0|64358|2
0|64359|2
0|64360|2
0|64361|2
0|64362|2
0|64363|2
0|64364|2
0|64365|2
0|64366|2
0|64367|2
0|64368|2
0|64369|2
0|64370|2
0|64371|2
0|64372|2
0|64373|2
0|64374|2
0|64375|2
0|64376|2
0|64377|2
0|64378|2
0|64379|2
0|64380|2
0|64381|2
0|64382|2
0|64383|2
0|64384|2
0|64385|2
0|64387|2
0|64388|2
0|64395|2
0|64396|2
0|64397|2
0|64398|2
0|64399|2
0|64400|2
0|64401|2
0|64402|2
0|64403|2
0|64404|2
0|64405|2
0|64406|2
0|64407|2
0|64408|2
0|64409|2
0|64410|2
0|64411|2
0|64412|2
0|64413|2
0|64414|2
0|64415|2
0|64416|2
0|64417|2
0|64418|2
0|64420|2
0|64421|2
0|64422|2
0|64423|2
0|64424|2
0|64425|2
0|64426|2
0|64428|2
0|64429|2
0|64430|2
0|64431|2
0|64432|2
0|64433|2
0|64434|2
0|64435|2
0|64436|2
0|64437|2
0|64438|2
0|64439|2
0|64440|2
0|64441|2
0|64442|2
0|64443|2
0|64444|2
0|64445|2
0|64446|2
0|64448|2
0|64449|2
0|64452|2
0|64453|2
0|64454|2
0|64455|2
0|64456|2
0|64457|2
0|64458|2
0|64459|2
0|64460|2
0|64461|2
0|64462|2
0|64463|2
0|64464|2
0|64465|2
0|64466|2
0|64467|2
0|64468|2
0|64469|2
0|64470|2
0|64471|2
0|64472|2
0|64473|2
0|64474|2
0|64475|2
0|64476|2
0|64477|2
0|64478|2
0|64479|2
0|64480|2
0|64481|2
0|64482|2
0|64483|2
0|64484|2
0|64485|2
0|64486|2
0|64487|2
0|64488|2
0|64489|2
0|64490|2
0|64491|2
0|64492|2
0|64493|2
0|64494|2
0|64495|2
0|64496|2
0|64497|2
0|64498|2
0|64499|2
0|64500|2
0|64501|2
0|64502|2
0|64503|2
0|64504|2
0|64505|2
0|64506|2
0|64507|2
0|64508|2
0|64509|2
0|64510|2
0|64511|2
0|64512|2
0|64513|2
0|64514|2
0|64515|2
0|64516|2
0|64517|2
0|64518|2
0|64519|2
0|64520|2
0|64521|2
0|64522|2
0|64523|2
0|64524|2
0|64525|2
0|64526|2
0|64527|2
0|64528|2
0|64529|2
0|64530|2
0|64531|2
0|64532|2
0|64533|2
0|64534|2
0|64535|2
0|64536|2
0|64537|2
0|64538|2
0|64539|2
0|64540|2
0|64541|2
0|64542|2
0|64543|2
0|64544|2
0|64545|2
0|64546|2
0|64547|2
0|64548|2
0|64549|2
0|64550|2
0|64551|2
0|64552|2
0|64553|2
0|64554|2
0|64555|2
0|64556|2
0|64557|2
0|64558|2
0|64559|2
0|64560|2
0|64561|2
0|64562|2
0|64563|2
0|64564|2
0|64565|2
0|64566|2
0|64567|2
0|64568|2
0|64569|2
0|64570|2
0|64571|2
0|64572|2
0|64573|2
0|64574|2
0|64575|2
0|64576|2
0|64578|2
0|64579|2
0|64580|2
0|64581|2
0|64582|2
0|64583|2
0|64584|2
0|64585|2
0|64586|2
0|64587|2
0|64588|2
0|64589|2
0|64590|2
0|64591|2
0|64592|2
0|64593|2
0|64594|2
0|64595|2
0|64596|2
0|64597|2
0|64598|2
0|64599|2
0|64600|2
0|64601|2
0|64602|2
0|64603|2
0|64604|2
0|64605|2
0|64606|2
0|64607|2
0|64608|2
0|64609|2
0|64610|2
0|64611|2
0|64612|2
0|64613|2
0|64614|2
0|64615|2
0|64616|2
0|64617|2
0|64618|2
0|64619|2
0|64620|2
0|64621|2
0|64622|2
0|64623|2
0|64624|2
0|64625|2
0|64626|2
0|64627|2
0|64628|2
0|64629|2
0|64630|2
0|64631|2
0|64632|2
0|64635|2
0|64636|2
0|64637|2
0|64638|2
0|64639|2
0|64640|2
0|64641|2
0|64642|2
0|64643|2
0|64644|2
0|64645|2
0|64646|2
0|64647|2
0|64648|2
0|64649|2
0|64650|2
0|64651|2
0|64652|2
0|64653|2
0|64654|2
0|64655|2
0|64656|2
0|64657|2
0|64658|2
0|64659|2
0|64660|2
0|64661|2
0|64662|2
0|64663|2
0|64664|2
0|64665|2
0|64666|2
0|64667|2
0|64668|2
0|64669|2
0|64670|2
0|64671|2
0|64672|2
0|64673|2
0|64674|2
0|64675|2
0|64676|2
0|64677|2
0|64678|2
0|64679|2
0|64680|2
0|64681|2
0|64682|2
0|64683|2
0|64684|2
0|64685|2
0|64686|2
0|64687|2
0|64688|2
0|64689|2
0|64690|2
0|64691|2
0|64692|2
0|64693|2
0|64694|2
0|64695|2
0|64696|2
0|64697|2
0|64698|2
0|64699|2
0|64700|2
0|64701|2
0|64702|2
0|64703|2
0|64704|2
0|64705|2
0|64706|2
0|64707|2
0|64708|2
0|64709|2
0|64710|2
0|64711|2
0|64712|2
0|64713|2
0|64714|2
0|64715|2
0|64716|2
0|64717|2
0|64718|2
0|64719|2
0|64720|2
0|64721|2
0|64722|2
0|64723|2
0|64724|2
0|64725|2
0|64726|2
0|64727|2
0|64728|2
0|64729|2
0|64730|2
0|64731|2
0|64732|2
0|64733|2
0|64734|2
0|64735|2
0|64736|2
0|64737|2
0|64738|2
0|64739|2
0|64740|2
0|64741|2
0|64742|2
0|64743|2
0|64744|2
0|64745|2
0|64746|2
0|64747|2
0|64748|2
0|64749|2
0|64750|2
0|64751|2
0|64752|2
0|64753|2
0|64754|2
0|64755|2
0|64756|2
0|64757|2
0|64758|2
0|64759|2
0|64760|2
0|64761|2
0|64762|2
0|64763|2
0|64764|2
0|64765|2
0|64766|2
0|64767|2
0|64768|2
0|64769|2
0|64770|2
0|64771|2
0|64772|2
0|64773|2
0|64774|2
0|64775|2
0|64776|2
0|64777|2
0|64778|2
0|64779|2
0|64780|2
0|64781|2
0|64782|2
0|64783|2
0|64784|2
0|64785|2
0|64786|2
0|64787|2
0|64788|2
0|64789|2
0|64790|2
0|64791|2
0|64792|2
0|64793|2
0|64794|2
0|64795|2
0|64796|2
0|64797|2
0|64798|2
0|64799|2
0|64800|2
0|64801|2
0|64802|2
0|64803|2
0|64804|2
0|64805|2
0|64806|2
0|64807|2
0|64808|2
0|64809|2
0|64810|2
0|64811|2
0|64812|2
0|64813|2
0|64814|2
0|64815|2
0|64816|2
0|64817|2
0|64818|2
0|64819|2
0|64820|2
0|64821|2
0|64822|2
0|64823|2
0|64824|2
0|64825|2
0|64826|2
0|64827|2
0|64828|2
0|64829|2
0|64830|2
0|64831|2
0|64832|2
0|64833|2
0|64834|2
0|64835|2
0|64836|2
0|64837|2
0|64838|2
0|64839|2
0|64840|2
0|64841|2
0|64842|2
0|64843|2
0|64844|2
0|64845|2
0|64846|2
0|64847|2
0|64848|2
0|64849|2
0|64850|2
0|64851|2
0|64852|2
0|64853|2
0|64854|2
